Local,Nome,Logradouro,Latitude,Longitude
GALERIA DE ARTE,O'reilly William & Co Ltd,52 E 76th St,4.08E+21,-7.40E+20
GALERIA DE ARTE,Organization of Independent Artists - Gallery 402,19 Hudson St.,4.07E+20,-740093857886298
GALERIA DE ARTE,Owen Gallery,19 E 75th St,407740008522409,-7.40E+20
GALERIA DE ARTE,P P O W Gallerie,511 W 25th St,4.07E+20,-7.40E+20
GALERIA DE ARTE,P P O W Inc,476 Broome St,4.07E+20,-7.40E+20
GALERIA DE ARTE,P S 122 Gallery,150 1st Ave,4.07E+20,-7.40E+20
GALERIA DE ARTE,Pace Editions,44 W 18th St,4.07E+20,-7.40E+20
GALERIA DE ARTE,Pace MacGill Gallery,32 E. 57th St.,4.08E+20,-7.40E+19
GALERIA DE ARTE,Pace Prints & Primitive Gallery,32 E. 57th St.,4.08E+20,-7.40E+20
GALERIA DE ARTE,Pace Wildenstein,534 W 25th St,4.07E+21,-7.40E+19
GALERIA DE ARTE,Pace Wildenstein,32 E 57th St,4.08E+21,-7.40E+20
GALERIA DE ARTE,Paige's Art Gallery,3163 Broadway,4.08E+20,-7.40E+20
GALERIA DE ARTE,PaineWebber Gallery,1285 Sixth Ave.,4.08E+20,-7.40E+20
GALERIA DE ARTE,Paint Can Studios,3608 34th St,4.08E+21,-7.39E+20
GALERIA DE ARTE,Paley Barbara K,1776 Broadway,4.08E+20,-7.40E+20
GALERIA DE ARTE,Pall William Inc,188 E 64th St,4.08E+21,-7.40E+20
GALERIA DE ARTE,Palmer Meredith Gallery,40 E 94th St,4.08E+20,-7.40E+20
GALERIA DE ARTE,Pandora Old Masters,212 E 70th St,4.08E+20,-739608164118453
GALERIA DE ARTE,Pardo Sheenan Galleries Ltd,121 E 31st St,4.07E+20,-7.40E+20
GALERIA DE ARTE,Parker's Box,193 Grand St,4.07E+21,-739604447082016
GALERIA DE ARTE,Parsons Galleries,2 W. 13th St.,4.07E+20,-739947818620198
GALERIA DE ARTE,Patricia Laligant Photographs,150 W 28th St,4.07E+20,-7.40E+20
GALERIA DE ARTE,Patrick's Gallery,220 W 19th St,4.07E+21,-7.40E+20
GALERIA DE ARTE,Paul Kasmin Gallery,293 10th Ave,4.08E+20,-7.40E+20
GALERIA DE ARTE,Paula Cooper Gallery,534 W. 21st St.,4.07E+20,-740068977266516
GALERIA DE ARTE,Peck Ian Fine Paintings Ltd,980 Madison Ave,4.08E+20,-739636501275563
GALERIA DE ARTE,Peder Bonnier Inc,206 W 23rd St,407440599458188,-7.40E+20
GALERIA DE ARTE,Perimeter Gallery,511 W 25th St,4.07E+20,-7.40E+20
GALERIA DE ARTE,Perlow Rich Katharina Gallery Inc,41 E 57th St,4.08E+20,-7.40E+20
GALERIA DE ARTE,Peter L Villa Fine Art,110 E 57th St,4.08E+21,-7.40E+20
GALERIA DE ARTE,Peter Rose Gallery,200 E 58th St,4.08E+21,-7.40E+20
GALERIA DE ARTE,Peters Gerald Gallery,24 E 78th St,4.08E+21,-7.40E+20
GALERIA DE ARTE,Phoenix Design Ltd,21415 41st Ave,4.08E+20,-7.38E+20
GALERIA DE ARTE,Phoenix Gallery,210 ELEVENTH AVENUE,4.07E+21,-7.40E+19
GALERIA DE ARTE,Phoneup,55 Chrystie St,4.07E+20,-739950260483218
GALERIA DE ARTE,Photo & Art Gallery,1023 Beach 20th St,4.06E+19,-7.38E+20
GALERIA DE ARTE,Photo Collection Gagliardi,27 W 20th St,407406376655353,-7.40E+20
GALERIA DE ARTE,Photo District Gallery,37 W 20th St,4.07E+20,-7.40E+20
GALERIA DE ARTE,Phyllis Lucas Gallery Inc,981 2nd Ave,4.08E+20,-7.40E+19
GALERIA DE ARTE,Picture This Corporate Art,249 Smith Street,4.07E+20,-7.40E+20
GALERIA DE ARTE,Pierogi 2000,177 N 9th St,4.07E+21,-7.40E+20
GALERIA DE ARTE,Place Des Vosges,816 Broadway,4.07E+20,-7.40E+20
GALERIA DE ARTE,Plane Space,102 Charles St,4.07E+20,-7.40E+20
GALERIA DE ARTE,Plaster Palace,5305 18th Ave,4.06E+20,-7.40E+20
GALERIA DE ARTE,Plaza Holding Inc,15 W 55th St,4.08E+21,-739757536168505
GALERIA DE ARTE,Plaza Holding Inc,15 W 55th St,4.08E+20,-7.40E+20
GALERIA DE ARTE,Plaza Watch & Jewelry Exchange,145 W 57th St,407652614379812,-7.40E+20
GALERIA DE ARTE,Pleiades Gallery,530 W 25th St,4.07E+20,-74004770690104
GALERIA DE ARTE,Plum Blossom Gallery,555 W 25th St,407501763280434,-740053735768785
GALERIA DE ARTE,Polizzi Fine Art,7813 3rd Ave,4.06E+21,-7.40E+20
GALERIA DE ARTE,Poller Leah,98 Greene St,4.07E+20,-7.40E+20
GALERIA DE ARTE,Portara Gallery,4720A Bell Blvd,4.08E+20,-7.38E+20
GALERIA DE ARTE,Portico Fine Art,139 Spring St,4.07E+21,-740008266559124
GALERIA DE ARTE,Portrait Gallery,5100 Kings Plz,4.06E+20,-7.39E+20
GALERIA DE ARTE,Postmasters Gallery,459 W 19th St,4.07E+21,-7.40E+20
GALERIA DE ARTE,Praxis International Art,25 E 73rd St,4.08E+20,-7.40E+20
GALERIA DE ARTE,Prieto International Attorney In Fact Johnpoll,127 Fulton St,4.07E+20,-7.40E+20
GALERIA DE ARTE,Prince Street Gallery,530 W 25th St,4.07E+21,-7.40E+20
GALERIA DE ARTE,Professional Fine Arts Svces Inc,141 W 20th St,4.07E+20,-7.40E+20
GALERIA DE ARTE,Proposition the,162 11th Ave,4.07E+20,-7.40E+20
GALERIA DE ARTE,Public Art Fund,1 E. 53d St.,4.08E+21,-7.40E+20
GALERIA DE ARTE,Puerto Rican Work Shop Inc,121 E 106th St,407926998453047,-7.39E+20
GALERIA DE ARTE,Pushman Gallery Inc,154 W 57th St,4.08E+19,-73979913078835
GALERIA DE ARTE,Pytlak Art Studio,573 Metropolitan Ave,4.07E+20,-7.39E+20
GALERIA DE ARTE,Queen Art Publishers Inc,481 Washington St,4.07E+20,-7.40E+20
GALERIA DE ARTE,Questroyal Fine Art,903 Park Ave,4.08E+20,-7.40E+18
GALERIA DE ARTE,Rabenou Yris Ancient Arts,249 E 61st St,4.08E+21,-7.40E+20
GALERIA DE ARTE,Radio House Gallery,601 W 26th St,4.08E+20,-7.40E+19
GALERIA DE ARTE,Rafael Gallery,241 E 59th St,4.08E+20,-7.40E+20
GALERIA DE ARTE,Rainbow Fine Art Inc,15 E 82nd St,4.08E+20,-7.40E+20
GALERIA DE ARTE,Ralph Chait Galleries Inc,724 5th Ave,4.08E+20,-7.40E+20
GALERIA DE ARTE,Randel Gallery Inc,49 East 78th Street,4.08E+20,-7.40E+20
GALERIA DE ARTE,Randolph & Tate Assocs,234 5th Ave,4.07E+20,-7.40E+19
GALERIA DE ARTE,Raphael Fodde Editions,70 WASHINGTON ST,4.07E+20,-7.40E+18
GALERIA DE ARTE,Rare art Gallery,521 W 26th St Bsmt,4.08E+20,-7.40E+20
GALERIA DE ARTE,Raydon Gallery,1091 Madison Ave,4.08E+20,-7.40E+20
GALERIA DE ARTE,Red Dot,140 W 22nd St,4.07E+20,-7.40E+20
GALERIA DE ARTE,Reece Galleries Inc The,24 W 57th St,407633560679256,-7.40E+20
GALERIA DE ARTE,Reeves Contemporary Inc,535 W 24th St,4.07E+20,-7.40E+20
GALERIA DE ARTE,Regina's Art Center,1921 Benson Ave,4.06E+21,-7.40E+20
GALERIA DE ARTE,Rehs Galleries Inc,5 E 57th St,4.08E+19,-73973110440921
GALERIA DE ARTE,Reinhold Brown Gallery,1100 Madison Ave,4.08E+20,-7.40E+20
GALERIA DE ARTE,Renaissance Gallery,300 W 147th St,4.08E+20,-7.39E+20
GALERIA DE ARTE,Resnick Ira Inc,133 E 58th St,4.08E+20,-7.40E+20
GALERIA DE ARTE,Ricco Maresca Gallery,529 W 20th St,4.07E+20,-740068465345964
GALERIA DE ARTE,Richard Gray Gallery,1018 Madison Ave,4.08E+20,-7.40E+20
GALERIA DE ARTE,Richard Solomon,305 E 50th St,4.08E+20,-7.40E+19
GALERIA DE ARTE,Richard York Gallery,21 E. 65th St.,4.08E+20,-7.40E+20
GALERIA DE ARTE,Rienzo Gallery,20 E 69th St,4.08E+21,-739671517745906
GALERIA DE ARTE,Ritter-Antik Inc,35 E 10th St,4.07E+21,-7.40E+20
GALERIA DE ARTE,Rivington Bar & Art Gallery,174 Rivington St,4.07E+21,-7.40E+20
GALERIA DE ARTE,Robert Lee Morris Inc,400 W Broadway,4.07E+21,-7.40E+20
GALERIA DE ARTE,Robert Mann Gallery,210 11th Ave,4.07E+21,-7.40E+20
GALERIA DE ARTE,Robert Miller Gallery Inc,526 W 26th St,4.08E+18,-7.40E+20
GALERIA DE ARTE,Robert Steele Gallery,511 W 25th St,4.07E+20,-7.40E+19
GALERIA DE ARTE,Robertson African Arts,36 W 22nd St,407415083515344,-7.40E+20
GALERIA DE ARTE,Rogallerycom,300 East 74th Street,4.08E+20,-7.40E+20
GALERIA DE ARTE,Ronald Feldman Fine Arts,31 Mercer St,407211603892599,-7.40E+20
GALERIA DE ARTE,Roosevelt Island Visual Arts Assoc,527 Main St,407535986702466,-7.40E+20
GALERIA DE ARTE,Rosen Andrea Gallery Inc,525 W 24th St,4.07E+19,-7.40E+20
GALERIA DE ARTE,Rosenberg & Kaufman Fine Art,115 Wooster St,4.07E+19,-7.40E+20
GALERIA DE ARTE,Rosenberg Paul & Co,20 E 79th St,4.08E+20,-7.40E+20
GALERIA DE ARTE,Ross Luise Gallery,511 West 25 Street,4.07E+20,-7.40E+20
GALERIA DE ARTE,Roth,160A E 70th St,4.08E+20,-739625371631743
GALERIA DE ARTE,Rotunda Gallery,33 Clinton St,4.07E+20,-7.40E+20
GALERIA DE ARTE,Royal Fine Art,1158 Lexington Ave,4.08E+20,-7.40E+20
GALERIA DE ARTE,Royal-Athena Galleries,153 E 57th St,4.08E+21,-7.40E+19
GALERIA DE ARTE,Rudolph De Paola Art Gallery,6 Parrott Pl,406179934963939,-7.40E+20
GALERIA DE ARTE,Ruesch Jeffrey Fine Arts,134 Spring St,4.07E+20,-7.40E+20
GALERIA DE ARTE,Russeck Gallery,478 W Broadway,4.07E+20,-7.40E+20
GALERIA DE ARTE,Russian World,18 W 55th St,407619257405724,-7.40E+19
GALERIA DE ARTE,S & A Art Gallery Inc,1248 Lexington Ave,4.08E+21,-7.40E+20
GALERIA DE ARTE,S 2 Editions Ltd,155 Ave of the Americas,4.07E+20,-7.40E+20
GALERIA DE ARTE,S E Art & Design Inc,232 E 59th St,4.08E+20,-7.40E+20
GALERIA DE ARTE,Sabarsky Serge Gallery,58 E 79th St,4.08E+20,-7396160396766
GALERIA DE ARTE,Sabbatique Ltd,10 Waterside Plz,4073684451842,-7.40E+19
GALERIA DE ARTE,Sabrina Enterprise.Com Artworks Sales and Rprdctns,10022 32nd Ave,4.08E+20,-7.39E+20
GALERIA DE ARTE,Sacks Fine Art,229 East 60th Street,4.08E+20,-7.40E+20
GALERIA DE ARTE,Safani Gallery Inc,980 Madison Ave,4.08E+20,-7.40E+20
GALERIA DE ARTE,Salz Trager Janet,700 Park Ave,4.08E+20,-7.40E+20
GALERIA DE ARTE,Sam's Souk,979 Lexington Ave,4.08E+20,-7.40E+20
GALERIA DE ARTE,Sanada Ikkanart Intl,30 E 85th St,4.08E+20,-739597778376811
GALERIA DE ARTE,Sands & Company Inc Fine Art At Madison Av,30 E 76th St,4.08E+21,-7.40E+20
GALERIA DE ARTE,Sara Meltzer On View,588 Broadway,4.07E+20,-7.40E+20
GALERIA DE ARTE,Sarafina Inc,411 Myrtle Ave,4.07E+20,-739693726839187
GALERIA DE ARTE,Sarajo Inc,130 Greene St,4.07E+20,-7.40E+20
GALERIA DE ARTE,Sarina Tang Fine Art,535 W 23rd St,4.07E+20,-7.40E+20
GALERIA DE ARTE,Savacou Galleries,240 E 13th St,4.07E+20,-7.40E+20
GALERIA DE ARTE,Sayn-Wittgenstein,155 E 72nd St,4.08E+20,-7.40E+20
GALERIA DE ARTE,Schellmann Editions,210 11th Ave,4.07E+21,-7.40E+20
GALERIA DE ARTE,Schickler Howard Fine Art,100 Water St,4.07E+20,-739899230191079
GALERIA DE ARTE,Schillay Fine Art,520 E 72nd St,4.08E+20,-7.40E+20
GALERIA DE ARTE,Schiller & Bodo Fine Art,120 E 65th St,4.08E+20,-7.40E+20
GALERIA DE ARTE,Schlesinger Gallery,24 E 73rd St,4.08E+20,-7.40E+20
GALERIA DE ARTE,Scholten Japanese Art,63 E 66th St,407677175399878,-7.40E+20
GALERIA DE ARTE,Schonfeld R D & Co Inc,349 E 49th St,4.08E+21,-739669851798845
GALERIA DE ARTE,Sculpture Center,44-19 Purves St,4.07E+21,-7.39E+20
GALERIA DE ARTE,Sean Kelly Inc,526 W 29th St,4.08E+20,-7.40E+20
GALERIA DE ARTE,Sears-Peyton Gallery,210 11th Ave,4.07E+20,-740057991263059
GALERIA DE ARTE,Seaside Summer Concert Series Inc,572 Flatbush Ave,4.07E+20,-7.40E+20
GALERIA DE ARTE,Second Ave Art Expo,980 2nd Ave,407558314157737,-7.40E+20
GALERIA DE ARTE,Seibold Eleanor,1601 York Ave,4.08E+20,-7.39E+20
GALERIA DE ARTE,Senior & Shopmaker,21 E 26th St,4.07E+20,-7.40E+20
GALERIA DE ARTE,Sepia International Inc the,148 W 24th St,4.07E+20,-7.40E+20
GALERIA DE ARTE,Serbin Inna,342 E 77th St,4.08E+21,-7.40E+20
GALERIA DE ARTE,Serger Helen La Boetie,9 E 82ND ST,4.08E+20,-7.40E+20
GALERIA DE ARTE,Seven Colors,555 5th Ave,4.08E+21,-7.40E+20
GALERIA DE ARTE,Shades of Art,47 Flatbush Ave,4.07E+20,-7.40E+20
GALERIA DE ARTE,Shainman Jack Gallery,513 W 20th St,407463655471036,-74006263402563
GALERIA DE ARTE,Shapolsky Anita Gallery,152 E 65th St,407653957451292,-7.40E+20
GALERIA DE ARTE,Shawn Dulaney Studio,34 W 22nd St,4.07E+20,-73992055668654
GALERIA DE ARTE,Shepherd & Derom Galleries,58 E 79th St,4.08E+20,-7.40E+20
GALERIA DE ARTE,Shickman H Gallery,220 E 72nd St,4.08E+19,-7.40E+20
GALERIA DE ARTE,Shulman B & M Inc,2623 Avenue U,4.06E+21,-739450654828952
GALERIA DE ARTE,Sigrid Freundorfer Fine Art,790 Madison Ave,4.08E+20,-7.40E+20
GALERIA DE ARTE,Silverstein Gallery Inc,520 West 21st St,407465866957298,-7.40E+20
GALERIA DE ARTE,Simply Marvelous Art,159-15 Jamaica Ave,4.07E+20,-7.38E+20
GALERIA DE ARTE,Skoto Gallery,529 W 20th St,4.07E+21,-7.40E+20
GALERIA DE ARTE,Sloan McGill Collection,150 Midwood St,4.07E+20,-7.40E+20
GALERIA DE ARTE,Smack Mellon Studios,92 Plymouth St,40703750736899,-7.40E+20
GALERIA DE ARTE,Smith Gallery,447 W 24th St,4.07E+21,-7.40E+20
GALERIA DE ARTE,Society For Renewal of Christian Art,217 E 66th St,4.08E+21,-7.40E+20
GALERIA DE ARTE,Soho 20,511 W 25th St,4.07E+20,-7.40E+20
GALERIA DE ARTE,Soho Photo Gallery,15 White St,4.07E+20,-7.40E+20
GALERIA DE ARTE,Soldwedel Kipp,470 Park Ave,4.08E+20,-7.40E+20
GALERIA DE ARTE,Soloman & Co Fine Art Gallerie,959 Madison Ave,4.08E+20,-7.40E+20
GALERIA DE ARTE,Sonnabend Gallery Inc,532 W 22nd St,4.07E+20,-7.40E+20
GALERIA DE ARTE,Soufer Gallery,1015 Madison Ave,4.08E+20,-7.40E+20
GALERIA DE ARTE,Spencer Brownstone Gallery,39 Wooster St.,4.07E+20,-740028519546277
GALERIA DE ARTE,Sperone Westwater,121 Greene St,4.07E+20,-7.40E+20
GALERIA DE ARTE,Spring,126 Front St,4.07E+20,-7.40E+20
GALERIA DE ARTE,Sragow Ellen Ltd,153 West 27th Street,4.07E+20,-7.40E+19
GALERIA DE ARTE,St Etienne Galerie,24 W 57th St,4.08E+20,-7.40E+20
GALERIA DE ARTE,Staley-Wise Gallery,560 Broadway,4.07E+20,-739976700930255
GALERIA DE ARTE,Start,50 Greene St,407219883380336,-7.40E+20
GALERIA DE ARTE,State of Art,113 Franklin St,4.07E+20,-7.40E+20
GALERIA DE ARTE,Steigrad Lawrence Fine Arts,23 E 69th St,4.08E+21,-7.40E+20
GALERIA DE ARTE,Stein Gertrude Gallery,200 West 57th Street,4.08E+20,-7.40E+20
GALERIA DE ARTE,Stephen Downes Gallery,377 Broome St,4.07E+21,-7.40E+20
GALERIA DE ARTE,Stewart Waltzer Co,200 W Houston St,407287135272124,-7.40E+20
GALERIA DE ARTE,Storefront For Art and Architecture,97 Kenmare St,4.07E+20,-739970682973752
GALERIA DE ARTE,Stricoff Fine Art,564 W 25th St,4.07E+20,-740057107770999
GALERIA DE ARTE,Studio Gallery,205 W 88th St,4.08E+20,-7.40E+20
GALERIA DE ARTE,Studio Tamar,152 E 22nd St,4.07E+20,-7.40E+20
GALERIA DE ARTE,Stux Gallery,530 W 25th St,4.07E+20,-740048091965919
GALERIA DE ARTE,Sugarhill Arts Center,3658 Broadway,4.08E+21,-7.39E+20
GALERIA DE ARTE,Suite 106,112 Mercer St,4.07E+20,-7.40E+20
GALERIA DE ARTE,Sun Yi Jun,83 Bowery,4.07E+20,-739953458096245
GALERIA DE ARTE,Susan Aberbach Fine Art,41 E 57th St,4.08E+20,-7.40E+20
GALERIA DE ARTE,Susan Megson Gallery,456 W Broadway,4.07E+20,-7.40E+20
GALERIA DE ARTE,Susan Rolfe Associates Fine Arts Ltd,654 Madison Ave,4.08E+20,-739711103443112
GALERIA DE ARTE,Susan Sheehan Gallery,535 West 22nd Street,4.07E+21,-7.40E+20
GALERIA DE ARTE,Sutherland M,620 Park Ave,4.08E+20,-7.40E+20
GALERIA DE ARTE,Swiss Institute,495 Broadway,4.07E+20,-7.40E+20
GALERIA DE ARTE,Taglialatella Dominic J,511 West 25th Street,4.07E+20,-7.40E+20
GALERIA DE ARTE,Takako Tsuji Gallery,41 E 57th St,4.08E+21,-7.40E+20
GALERIA DE ARTE,Talwar Gallery,108 E 16th St,407354581457437,-7.40E+20
GALERIA DE ARTE,Tambaran Gallery,5 E 82nd St,4.08E+20,-7.40E+20
GALERIA DE ARTE,Tang Sarina,3 E 76th St,4.08E+20,-7.40E+20
GALERIA DE ARTE,Tanya Bonakdar Galery,521 W 21st St,407471718785601,-7.40E+20
GALERIA DE ARTE,Tate,413 W 14th St,4.07E+20,-7.40E+20
GALERIA DE ARTE,Tatistcheff Gallery Inc,529 West 20th Street,4.07E+21,-7.40E+20
GALERIA DE ARTE,Team Gallery,527 W. 26th St.,4.08E+20,-7.40E+20
GALERIA DE ARTE,Teller Susan Gallery,568 Broadway,4.07E+20,-7.40E+20
GALERIA DE ARTE,Tenri Cultural Institute,43A W. 13th St.,4.07E+20,-7.40E+20
GALERIA DE ARTE,Thaw E V & Co,726 Park Ave,4.08E+20,-7.40E+20
GALERIA DE ARTE,The Affordable Art Fair Llc,216 W 18th St,4.07E+21,-7.40E+20
GALERIA DE ARTE,The Axa Gallery,787 7th Ave,4.08E+20,-7.40E+20
GALERIA DE ARTE,The Bohen Foundation,415 W 13th St,4.07E+20,-7.40E+20
GALERIA DE ARTE,The Chinese Art Gallery,1050 2nd Ave,4.08E+19,-73965656949278
GALERIA DE ARTE,The Dollhaus Art Gallery,37 Broadway,4.07E+21,-7.40E+20
GALERIA DE ARTE,The Gallery 172,1620 E 172nd St,4.08E+21,-7.39E+20
GALERIA DE ARTE,The Old Print Shop Inc,150 Lexington Ave,4.07E+21,-7.40E+20
GALERIA DE ARTE,The Phatory Llc,618 E 9th St,407257216580395,-7.40E+20
GALERIA DE ARTE,The Q Department,28 Howard St,4.07E+21,-7.40E+20
GALERIA DE ARTE,The Scene Gallery,42 Rivington St,4.07E+21,-7.40E+19
GALERIA DE ARTE,Thicket,10 Leonard St,4.07E+20,-7.40E+20
GALERIA DE ARTE,Think Art Gallery,336 W 37th St,407546672150301,-7.40E+19
GALERIA DE ARTE,Thomas & Hirsch,375 W Broadway,4.07E+20,-740022847048919
GALERIA DE ARTE,Thomas Erben Gallery,526 W 26th St,4.07E+21,-7.40E+20
GALERIA DE ARTE,Thomson C Art,19 E 75th St,4.08E+20,-7.40E+20
GALERIA DE ARTE,Three East Third St Corp,3 E 3rd St,4.07E+21,-7.40E+20
GALERIA DE ARTE,Throckmorton Fine Arts,145 E. 57th St.,4.08E+20,-7.40E+20
GALERIA DE ARTE,Tilton Jack Gallery,47 Greene St,4.07E+20,-7.40E+19
GALERIA DE ARTE,Time Is Always Now,476 Broome St.,4.07E+19,-7.40E+20
GALERIA DE ARTE,Tk Oriental Antiques,41 E 57th St,4.08E+21,-7.40E+20
GALERIA DE ARTE,Tobey Fine Art,580 Broadway,4.07E+20,-7.40E+19
GALERIA DE ARTE,Ton Ying & Co,1050 2nd Ave,4.08E+21,-7.40E+20
GALERIA DE ARTE,Tonal Motion Inc,1026 Avenue of the Americas,4.08E+21,-7.40E+20
GALERIA DE ARTE,Tonkonow Leslie,535 W 22nd St,4.07E+19,-7.40E+20
GALERIA DE ARTE,Tower Art Gallery,7 Maiden Ln,4.07E+20,-740095084934269
GALERIA DE ARTE,Traditional Art Gallery Inc,1050 2nd Ave,4.08E+20,-7.40E+20
GALERIA DE ARTE,Triangle Editions,111 E 62nd St,4.08E+21,-739677731620756
GALERIA DE ARTE,Tribes Gallery,285 E. Third St.,4.07E+20,-7.40E+20
GALERIA DE ARTE,Triple Candie,461 W 126th St,4.08E+20,-739550632174421
GALERIA DE ARTE,Triton Collection the,224 12th Ave,4.08E+20,-7.40E+19
GALERIA DE ARTE,Troubetzkoy Paintings,366 E 8th St,4.07E+20,-7.40E+20
GALERIA DE ARTE,Tunick David,19 East 66th Street,4.08E+20,-7.40E+20
GALERIA DE ARTE,Turkana Gallery,125 Cedar St,4.07E+21,-7.40E+20
GALERIA DE ARTE,Ubu Gallery,416 EAST 59 STREET,4.08E+19,-7.40E+20
GALERIA DE ARTE,Under Minerva,656 5th Ave,4.07E+20,-7.40E+20
GALERIA DE ARTE,Up & Co,257 Church St,4.07E+20,-7.40E+20
GALERIA DE ARTE,Uptown Gallery the,1194 Madison Ave,4.08E+19,-7.40E+20
GALERIA DE ARTE,Urban Architecture Gallery of Applied Arts Inc,1205 Manhattan Ave,4.07E+20,-7.40E+20
GALERIA DE ARTE,Ursus Books & Prints,981 Madison Ave.,4.08E+20,-7.40E+20
GALERIA DE ARTE,Valenzi Gallery & Framing,2904 23rd St,4.08E+21,-7.39E+20
GALERIA DE ARTE,Van De Weghe Fine Art,521 W 23rd St,4.07E+21,-7.40E+20
GALERIA DE ARTE,Vance Jordan Fine Art,958 Madison Ave,407740762256816,-7.40E+20
GALERIA DE ARTE,Veranda Design,225 W 83rd St,4.08E+21,-739771925909779
GALERIA DE ARTE,Verona Arts Ltd,603 5th Ave,4.08E+20,-7.40E+20
GALERIA DE ARTE,Viart Corporation,120 E 56th St,4.08E+20,-7.40E+20
GALERIA DE ARTE,Vick Corporate Art Advisors,210 11th Ave,4.07E+21,-7.40E+20
GALERIA DE ARTE,Vieille Russie Inc Antiqs & Jwlry,781 5th Ave,4.08E+20,-7.40E+20
GALERIA DE ARTE,Vietnam Art Design,345 Greenwich St,4.07E+21,-7.40E+20
GALERIA DE ARTE,Viewpoint Gallery,41 Union Sq W,4.07E+20,-7.40E+20
GALERIA DE ARTE,Vincent Fremont Enterprises,1 Union Sq W,4.07E+20,-7.40E+20
GALERIA DE ARTE,Viridian Artists Inc,530 W 25th St,407492913813902,-740047276435506
GALERIA DE ARTE,Visage Studios,12 West 37th Street,4.08E+20,-7.40E+20
GALERIA DE ARTE,Visual Arts Gallery,137 Wooster St,4.07E+21,-7.40E+20
GALERIA DE ARTE,Volpe Organization,100 W End Ave,4.08E+20,-7.40E+20
GALERIA DE ARTE,Wada Takashi Gallery,350 W 50th St,4.08E+20,-7.40E+20
GALERIA DE ARTE,Wade Maxx Art Gallery,191 Columbus Ave,4.08E+21,-7.40E+20
GALERIA DE ARTE,Wally Findlay Galleries,124 E 57th St,4.08E+20,-7.40E+20
GALERIA DE ARTE,Ward-Nasse Gallery,178 Prince St,4.07E+21,-7.40E+20
GALERIA DE ARTE,Washburn Galleries,20 W 57th St,4.08E+20,-7.40E+20
GALERIA DE ARTE,Washington Sq Outdoor Art Exhibit Inc,115 E 9th St,4.07E+20,-7.40E+20
GALERIA DE ARTE,Webster David,448 W 16th St,4.07E+21,-7.40E+19
GALERIA DE ARTE,Weisbrod Chinese Art Ltd,36 E 57th St,4.08E+20,-7.40E+19
GALERIA DE ARTE,Wellesley the,200 E 72nd St,4.08E+20,-739604313705021
GALERIA DE ARTE,Wessel & O'Connor,242 W. 26th St.,4.07E+20,-7.40E+19
GALERIA DE ARTE,Westbeth Gallery,55 Bethune St,4.07E+20,-7.40E+20
GALERIA DE ARTE,Western Art Collectors Society,1374 Richmond Rd,4.06E+20,-7.41E+20
GALERIA DE ARTE,Westwood Gallery,568 Broadway,4.07E+21,-7.40E+20
GALERIA DE ARTE,Weybridge Fine Art,30 E 81st St,4.08E+20,-739609780584284
GALERIA DE ARTE,Whas Cultural Art Center Inc,4450 Broadway,4.09E+20,-7.39E+20
GALERIA DE ARTE,White Box,525 W. 26th St.,407503229067573,-7.40E+19
GALERIA DE ARTE,White Columns Inc,320 W 13th St,407390733900545,-7.40E+20
GALERIA DE ARTE,Whitfield James Fine Art,107 University Pl,407341517204105,-7.40E+20
GALERIA DE ARTE,Wickiser Walter Gallery Inc,210 Eleventh Avenue,4.07E+20,-7.40E+20
GALERIA DE ARTE,Willow Woodstock Artistic Enterprises,92 Saint Marks Pl,407273179875329,-7.40E+19
GALERIA DE ARTE,Wilmer Jenning Gallery,215 E 2nd St,4.07E+21,-739829756398302
GALERIA DE ARTE,Winston Wachter Mayer Fine Art,530 W 25th St,407494705508339,-7.40E+20
GALERIA DE ARTE,Winter Works On Paper,167 North 9th Street,4.07E+21,-7.40E+19
GALERIA DE ARTE,Wolf Daniel Inc,52 E 78th St,4.08E+21,-7.40E+20
GALERIA DE ARTE,Woodward Gallery,133 Eldridge Street,407190134351541,-7.40E+20
GALERIA DE ARTE,WORLD AFRICA,779 RIVERSIDE DR,4.08E+20,-7.39E+20
GALERIA DE ARTE,World Art Center,104 Nassau St,4.07E+20,-7.40E+20
GALERIA DE ARTE,Yancey Richardson Gallery,535 W 22nd St,40747990092758,-7.40E+20
GALERIA DE ARTE,Yasuda Fine Arts Inc,15 W 53rd St,4.08E+20,-7.40E+20
GALERIA DE ARTE,Yorks Shona Gallery,99 Spring St,4.07E+20,-7.40E+20
GALERIA DE ARTE,Yorkville Art Gallery & Framing,1687 3rd Ave,4.08E+21,-7.39E+20
GALERIA DE ARTE,Yoshii Gallery,980 Madison Avenue,4.08E+20,-7.40E+20
GALERIA DE ARTE,Yung Hee Kim,945 5th Ave,4.08E+20,-7.40E+19
GALERIA DE ARTE,Zabriskie Gallery,41 W 57th St,4.08E+21,-7.40E+20
GALERIA DE ARTE,Zarre Andre Gallery,529 W 20th St,4.07E+20,-7.40E+20
GALERIA DE ARTE,Zetterquist Galleries,3 East 66th Street,4.08E+20,-7.40E+20
GALERIA DE ARTE,Zito Studio Gallery,122 Ludlow St,4.07E+20,-7.40E+20
GALERIA DE ARTE,Zwirner & Wirth,32 E. 69th St.,4.08E+21,-7.40E+20
GALERIA DE ARTE,Zwirner David Gallery,525 W 19th St,40745894958673,-7.40E+19
GALERIA DE ARTE,Priska C. Juschka Fine Art Inc,547 W 27th St,407512662970876,-7.40E+20
GALERIA DE ARTE,1 2 3 Watts Gallery,123 Watts St,4.07E+20,-7.40E+19
GALERIA DE ARTE,12 Below,853 Broadway,4.07E+21,-7.40E+20
GALERIA DE ARTE,14 Sculptors Gallery,168 Mercer St,4.07E+21,-7.40E+20
GALERIA DE ARTE,1405 Art Gallery,1405 2nd Ave,4.08E+21,-739579834660085
GALERIA DE ARTE,2 Welancora Gallery,410 Jefferson Ave,4.07E+20,-7.39E+20
GALERIA DE ARTE,280 Modern,1875 Dekalb Ave,4.07E+20,-7.39E+20
GALERIA DE ARTE,3 Costantino Fioratti Helen C,36 E 73rd St,4.08E+20,-7.40E+20
GALERIA DE ARTE,303 Gallery,547 W 21st Street,4.07E+20,-7.40E+20
GALERIA DE ARTE,33rd St Galleria,401 7th Ave,4.08E+18,-7.40E+20
GALERIA DE ARTE,33rd Street Galleria,131 W 33rd St,4.08E+18,-739896764403985
GALERIA DE ARTE,4 Chambers Fine Art,522 West 19th Street,4.07E+21,-7.40E+20
GALERIA DE ARTE,5 Robin Rice Gallery,325 W 118th St,4.08E+20,-7.40E+20
GALERIA DE ARTE,531 Artspace,531 Graham Ave,4.07E+20,-7.39E+20
GALERIA DE ARTE,73 St Farmers Market,1368 York Ave,4.08E+20,-73953015464766
GALERIA DE ARTE,A Clean Well Lighted Place Inc,363 Bleecker St,4.07E+21,-7.40E+20
GALERIA DE ARTE,A J ARTS LTD,6208 MILL LN,4.06E+21,-7.39E+20
GALERIA DE ARTE,A.I.R. Gallery,40 Wooster St,4.07E+20,-7.40E+20
GALERIA DE ARTE,AAA-Abbey Mdsng Co Inc,618 Coney Island Ave,4.06E+20,-739699306449376
GALERIA DE ARTE,Abada Felix Inc,1556 3rd Ave,4.08E+20,-7.40E+20
GALERIA DE ARTE,Aberbach Fine Art,41 E 57th Street,4.08E+20,-7.40E+20
GALERIA DE ARTE,Aca Galleries,529 W 20th St,407466637235728,-7.40E+20
GALERIA DE ARTE,Ace Gallery,275 Hudson St,4.07E+20,-7.40E+19
GALERIA DE ARTE,Acquavella Galleries Inc,18 E 79th St,4.08E+21,-7.40E+20
GALERIA DE ARTE,Adam Baumgold Fine Art,74 E. 79th St.,4.08E+20,-7.40E+20
GALERIA DE ARTE,Adam Williams Fine Art Ltd,24 East 80th Street,4.08E+20,-7.40E+20
GALERIA DE ARTE,Adams Fund Art Buyers,330 W 72nd St,4.08E+20,-739859359709644
GALERIA DE ARTE,Adams George Gallery,41 W 57th St,4.08E+20,-7.40E+20
GALERIA DE ARTE,Adelson Galleries,219 E 82nd St,4.08E+19,-7.40E+20
GALERIA DE ARTE,Adler & Conkright Fine Art Llc,24 E 71st St,4.08E+20,-7.40E+20
GALERIA DE ARTE,African Arts Center Inc,615 W 27th St,4.08E+21,-7.40E+20
GALERIA DE ARTE,Africart Motherland Inc,2478 Frederick Douglas Blvd,4.08E+20,-739473959108493
GALERIA DE ARTE,Agora Gallery,530 W 25th St,4.07E+20,-7.40E+20
GALERIA DE ARTE,Akira Ikeda Gallery,17 Cornelia St,4.07E+21,-7.40E+19
GALERIA DE ARTE,Alan Brasington Inc,23 8th Ave,4.07E+20,-7.40E+20
GALERIA DE ARTE,Alaska on Madison,1065 Madison Ave,4.08E+20,-7.40E+20
GALERIA DE ARTE,Alexander and Bonin,132 10th Ave,4.07E+20,-7.40E+19
GALERIA DE ARTE,Alexander's Sculptural Svce,117 E 39th St,4.08E+19,-7.40E+20
GALERIA DE ARTE,Alexandre Gallery,41 E 57th St,4.08E+20,-7.40E+20
GALERIA DE ARTE,Alliance of Queens Artists,99-10 Metropolitan Ave.,4.07E+20,-7.39E+20
GALERIA DE ARTE,Blum Peter-Blum Arts,99 Wooster St,4.07E+20,-7.40E+20
GALERIA DE ARTE,Alter Silver Gallery Corp,1050 2nd Ave,4.08E+20,-739657483087514
GALERIA DE ARTE,American European Fine Art Inc,115 E 89th St,4.08E+20,-7.40E+20
GALERIA DE ARTE,American Fine Arts Co,530 W 22nd St,4.07E+20,-7.40E+20
GALERIA DE ARTE,American Folk Art Museum - Eva and Morris Feld Gallery,2 Lincoln Square,4.08E+21,-7.40E+20
GALERIA DE ARTE,Ameringer & Yohe Fine Arts,525 West 22nd Street,4.07E+21,-7.40E+20
GALERIA DE ARTE,Amos Eno Gallery,111 Front Street,40702839860367,-7.40E+20
GALERIA DE ARTE,An American Space,118 E 92nd St,407834768790123,-739537319541543
GALERIA DE ARTE,Ancient Art of the New World Inc,525 E 72nd St,4.08E+19,-7.40E+20
GALERIA DE ARTE,Andover Gallery,60 Rivington St,4.07E+20,-7.40E+20
GALERIA DE ARTE,Andrew Edlin Gallery,134 Tenth Avenue,4.07E+21,-7.40E+20
GALERIA DE ARTE,Andy Warhol Authentication Board Inc,525 W 20th St,407464976437538,-740065781938964
GALERIA DE ARTE,Angel Orensanz Foundation,172 Norfolk St,407211425940389,-7.40E+20
GALERIA DE ARTE,Anita Friedman Fine Arts,980 Madison Ave,4.08E+20,-7.40E+20
GALERIA DE ARTE,Annex the,601 W 26th St,4.08E+21,-740072691859354
GALERIA DE ARTE,Annie Yau Gallery,173 W 88th St,4.08E+20,-7.40E+20
GALERIA DE ARTE,Annina Nosei Gallery,528 W 22nd St,4.07E+20,-7.40E+19
GALERIA DE ARTE,Anthony Grant Inc,37 W 57th St,4.08E+20,-7.40E+19
GALERIA DE ARTE,Antik,104 Franklin St,4.07E+20,-7.40E+20
GALERIA DE ARTE,Antiquarium Fine Ancient Arts Gallery Ltd,948 Mad Ave,4.08E+20,-7.40E+20
GALERIA DE ARTE,Anton Kern Gallery Inc,532 W 20th St,4.07E+20,-740071625805658
GALERIA DE ARTE,Apex Art,291 Church St,4.07E+20,-7.40E+20
GALERIA DE ARTE,April's Gallery,501 W 145th St,4.08E+20,-739477984775635
GALERIA DE ARTE,Arader W Graham Gallery,29 E 72nd St,4.08E+21,-7.40E+20
GALERIA DE ARTE,Arash Gallery,1051 2nd Ave,4.08E+21,-7.40E+20
GALERIA DE ARTE,Arcadia Fine Arts,51 Greene St,4.07E+20,-7.40E+20
GALERIA DE ARTE,Archibald Arts,602 10th Ave,4.08E+20,-7.40E+20
GALERIA DE ARTE,Archive Consulting & Management Services,511 W 25th St,4.07E+20,-7.40E+20
GALERIA DE ARTE,Ariel Meyerowitz Gallery,4720 Center Blvd.,4.07E+20,-7.40E+20
GALERIA DE ARTE,Ariston Development Group,78 Horatio St,4.07E+21,-7.40E+20
GALERIA DE ARTE,Arleen G Becker Gallery Inc,200 Lexington Avenue,4.07E+20,-7.40E+20
GALERIA DE ARTE,Art & Interiors Inc,979 3rd Ave,4.08E+19,-7.40E+20
GALERIA DE ARTE,Art Advice Corporate Art Consultants,200 E 33rd St,4.07E+21,-7.40E+20
GALERIA DE ARTE,Art Advisory Svces Inc,530 Park Ave,4.08E+20,-7.40E+20
GALERIA DE ARTE,Art Asap,444 W 50th St,4.08E+21,-7.40E+19
GALERIA DE ARTE,Art Auction Advisory Svces,530 Park Avenue,4.08E+20,-7.40E+20
GALERIA DE ARTE,Art Avenues Inc,240 W End Ave,4.08E+20,-7.40E+20
GALERIA DE ARTE,Art Finds,140 Riverside Dr,4.08E+20,-7.40E+20
GALERIA DE ARTE,Blumka Gallery,209 E 72nd St,4.08E+20,-7.40E+20
GALERIA DE ARTE,Art Gallery & Custom Framing,799 Broadway,4.07E+20,-7.40E+20
GALERIA DE ARTE,Art In General,79 Walker St,4.07E+20,-7.40E+20
GALERIA DE ARTE,Art Loft Gallery,199 Lafayette St,4.07E+20,-7.40E+20
GALERIA DE ARTE,Art Merchandising and Media Inc,26 E 64th St,4.08E+21,-7.40E+20
GALERIA DE ARTE,Art Metaphysics Education,323 W 39th St,4.08E+21,-7.40E+20
GALERIA DE ARTE,Art Placement International,957 Park Ave,4.08E+20,-7.40E+20
GALERIA DE ARTE,Art Projects International Inc,429 Greenwich St,4.07E+20,-7.40E+20
GALERIA DE ARTE,Art Resources Transfer Inc,210 11th Ave,4.08E+19,-7.40E+19
GALERIA DE ARTE,Art Student Showcase Inc,248 Lafayette St,4.07E+20,-7.40E+20
GALERIA DE ARTE,Art Vue,441 3rd St,4.07E+21,-739800983571645
GALERIA DE ARTE,Art Wise,133 W 25th St,4.07E+19,-7.40E+20
GALERIA DE ARTE,Arte Primitivo-Howard S Rose Gallery,3 E 65th St,4.08E+20,-7.40E+20
GALERIA DE ARTE,Artefina International Inc,246 Avenue U,4.06E+21,-7.40E+20
GALERIA DE ARTE,Artemis Fine Arts Inc,23 E 73rd St,4.08E+20,-7.40E+20
GALERIA DE ARTE,Artenova Ltd,1780 Broadway,4.08E+20,-7.40E+20
GALERIA DE ARTE,Arterres,242 Lafayette St,4.07E+20,-7.40E+20
GALERIA DE ARTE,Artique-the Art of Framing Inc,2580 Broadway,4.08E+20,-7.40E+20
GALERIA DE ARTE,Artist Prod Gallery,448 Broadway,4.07E+20,-7.40E+20
GALERIA DE ARTE,Artists Space,38 Greene St,4.07E+20,-7.40E+20
GALERIA DE ARTE,Artlife Gallery,155 Ave of the Americas,4.07E+21,-7.40E+20
GALERIA DE ARTE,Art-Lore Inc,1155 Manhattan Ave,4.07E+21,-7.40E+20
GALERIA DE ARTE,Artrepreneur,945 5th Ave,4.08E+20,-7.40E+20
GALERIA DE ARTE,Arts Action Research,423 Atlantic Ave,4.07E+20,-7.40E+20
GALERIA DE ARTE,Arts at University Settlement/Speyer Hall,185 Eldridge St.,4.07E+21,-7.40E+20
GALERIA DE ARTE,Arts Du Monde,40 W 25th St,4.07E+21,-7.40E+20
GALERIA DE ARTE,Arts India,206 5th Ave,4.07E+20,-7.40E+20
GALERIA DE ARTE,Arts Proper International Inc,24 W 57th St,4.08E+20,-7.40E+20
GALERIA DE ARTE,Artscope Inc,502 Park Ave,4.08E+21,-7.40E+20
GALERIA DE ARTE,Ash Fine Art,51 E 78th St,4.08E+21,-739618353271081
GALERIA DE ARTE,Asher Gallant Gallery,62 E 55th St,4.08E+20,-7.40E+20
GALERIA DE ARTE,Ashione Art Gallery,41 Perry St,4.07E+20,-7.40E+20
GALERIA DE ARTE,Ashoka Crafts,202 W 77th St,4.08E+20,-7.40E+20
GALERIA DE ARTE,Atelier A-E Ent,35 West 23rd Street,4.07E+20,-7.40E+20
GALERIA DE ARTE,Atelier International Art Group Inc,594 Broadway,4.07E+20,-7.40E+20
GALERIA DE ARTE,Atlantic Gallery,135 West 29th St,4.07E+20,-7.40E+20
GALERIA DE ARTE,Atmosphere Galleries Inc,134 10th Ave,4.07E+20,-7.40E+19
GALERIA DE ARTE,Audiello Fine Art Inc,526 W 26th St,4.08E+20,-740044220151553
GALERIA DE ARTE,Audrey C Art & Jewels,167 E 61st St,4.08E+21,-7.40E+20
GALERIA DE ARTE,Australian Aboriginal Fine Art Gallery Of New York,1255 5th Ave,4.08E+19,-7.40E+20
GALERIA DE ARTE,Av Art Gallery & Custom Framing Inc,235 8th Ave,4.07E+21,-7.40E+20
GALERIA DE ARTE,Available Art Llc,204 Dean St,4.07E+21,-7.40E+20
GALERIA DE ARTE,AVC Contemporary Arts Gallery,41 E. 57th St.,4.08E+21,-7.40E+20
GALERIA DE ARTE,Avshalom Eitan Fine Arts,461 Fort Washington Ave,4.09E+20,-739386614826445
GALERIA DE ARTE,Axelle Fine Art,312 Atlantic Ave,4.07E+20,-7.40E+20
GALERIA DE ARTE,Axelle Fine Arts Gallery Ltd,148 Spring St,4.07E+20,-7.40E+20
GALERIA DE ARTE,Aztec Marketing Co,90 John St,4.07E+20,-7.40E+20
GALERIA DE ARTE,Back To Africa Imports,6 W 26th St,4.07E+20,-7.40E+20
GALERIA DE ARTE,Back To Roots Inc,440 Montauk Ave,4.07E+21,-7.39E+20
GALERIA DE ARTE,Bag One Arts,110 W 79th St,4.08E+19,-7.40E+20
GALERIA DE ARTE,Balalaika Arts & Crafts From Russia & Former Ussr,313 E 95th St,4.08E+20,-7.39E+20
GALERIA DE ARTE,BALMAR REALTY,155 E 55TH ST,4.08E+20,-739690646648923
GALERIA DE ARTE,Barbara Gladstone Gallery,515 W 24th St,4.07E+21,-7.40E+20
GALERIA DE ARTE,Baron Boisante Editions,421 Hudson St,4.07E+20,-7.40E+20
GALERIA DE ARTE,Barrington Gallery of London Ltd,572 5th Ave,4.08E+21,-7.40E+20
GALERIA DE ARTE,Bayo Studios,210 Varet Street,4.07E+20,-7.39E+20
GALERIA DE ARTE,Beadleston Gallery,724 5th Ave,407626057748781,-7.40E+20
GALERIA DE ARTE,Behr Thyssen Ltd,165 Hudson Street,4.07E+20,-7.40E+20
GALERIA DE ARTE,Belanthi,142 Court St,4.07E+21,-739929238023326
GALERIA DE ARTE,Bellwether Gallery,134 10th Ave,407447310240188,-740059259359394
GALERIA DE ARTE,Bench Dogs,60 Broadway,4.07E+21,-7.40E+20
GALERIA DE ARTE,Benedetti Gallery Inc,52 Prince St,4.07E+20,-7.40E+19
GALERIA DE ARTE,Bernarducci Meisel Gallery,37 W 57th St,4.08E+20,-7.40E+19
GALERIA DE ARTE,Bernstein David Primitive Art,737 Park Ave,4.08E+20,-7.40E+20
GALERIA DE ARTE,Berry-Hill Galleries Inc,11 E 70th St,4.08E+21,-739667430851897
GALERIA DE ARTE,Beverly Sacks Fine Art,229 E 60th St,4.08E+20,-739648004088197
GALERIA DE ARTE,Beyond the Wall,529 5th Ave,4.08E+21,-7.40E+20
GALERIA DE ARTE,BICYCLE PAINTINGS.COM,106 Ridge Street,4.07E+20,-7.40E+20
GALERIA DE ARTE,Big Cat Gallery,154 Orchard Street,4.07E+20,-7.40E+20
GALERIA DE ARTE,Bill Bace Gallery,39 Wooster St,4.07E+20,-7.40E+20
GALERIA DE ARTE,Bill Hodges Gallery,24 W 57th St,4.08E+20,-7.40E+20
GALERIA DE ARTE,Bitforms,529 W 20th St,4.07E+20,-7.40E+20
GALERIA DE ARTE,Black & Black Art Gallery,9215 Merrick Blvd,4.07E+20,-737933657552114
GALERIA DE ARTE,Black & White Gallery Inc,483 Driggs Ave,4.07E+21,-7.40E+20
GALERIA DE ARTE,Bleier Milton A Corp,386 Park Ave,4.08E+20,-7.40E+20
GALERIA DE ARTE,Blue Mountain Gallery Inc,530 W 25th St,4.07E+20,-7.40E+20
GALERIA DE ARTE,Bodanna Inc,123 E 7th St,4.07E+21,-739841197487225
GALERIA DE ARTE,Bolivar Arellano Gallery,420 E 9th St,4.07E+20,-7.40E+20
GALERIA DE ARTE,Bonakdar Jancou Gallery,521 W 21st St,4.07E+19,-7.40E+20
GALERIA DE ARTE,BORDEN JANET INC,560 BROADWAY,4.07E+19,-7.40E+20
GALERIA DE ARTE,Bose Pacia Modern,508 W 26th St,4.07E+20,-7.40E+20
GALERIA DE ARTE,Bound and Unbound,601 W. 26th St,4.08E+20,-7.40E+20
GALERIA DE ARTE,Bowery Gallery,530 W 25th St,407492698417932,-740048454378513
GALERIA DE ARTE,Brenda Taylor Gallery,511 W. 25th Street,4.07E+20,-7.40E+20
GALERIA DE ARTE,Bridgewater Gallery of Fine Arts Inc,176 East 3rd Street,4.07E+20,-7.40E+20
GALERIA DE ARTE,Bronx River Art Center,1087 East Tremont Ave,4.08E+20,-7.39E+20
GALERIA DE ARTE,Brooke Alexander Gallery,59 Wooster St.,4.07E+20,-7.40E+20
GALERIA DE ARTE,Brooklyn Arts Exchange,421 Fifth Ave.,4.07E+20,-7.40E+20
GALERIA DE ARTE,Brooklyn Fireproof,119 Ingraham St,4.07E+20,-7.39E+20
GALERIA DE ARTE,Broome Street Gallery the,498 Broome St,4.07E+21,-7.40E+20
GALERIA DE ARTE,Bruce Palmer Galleries,180 Riverside Drive,4.08E+20,-7.40E+20
GALERIA DE ARTE,Bruce Silverstein Gallery,504 W. 22nd St.,4.07E+20,-7.40E+20
GALERIA DE ARTE,Bruton Gallery Inc,40 E 61st St,4.08E+21,-7.40E+20
GALERIA DE ARTE,Buzzco Assoc Inc,33 Bleecker St,4.07E+20,-7.40E+20
GALERIA DE ARTE,C & M Arts,45 E. 78th St.,4.08E+21,-7.40E+19
GALERIA DE ARTE,Caelum Gallery,526 W 26th St,4.08E+18,-7.40E+20
GALERIA DE ARTE,Caldwell Snyder Gallery,451 W Broadway,4.07E+20,-7.40E+20
GALERIA DE ARTE,Candyland Films,446 Broadway,4.07E+20,-7.40E+20
GALERIA DE ARTE,Caravan International Co,210 E 86th St,4.08E+20,-739535025179309
GALERIA DE ARTE,Carboni Inc,2 W 45th St,4.08E+21,-7.40E+20
GALERIA DE ARTE,Carley Ann M Atty,73 Spring St,4.07E+21,-739973611388614
GALERIA DE ARTE,Carlton Rochell,41 E 57th St,4.08E+20,-7.40E+20
GALERIA DE ARTE,Carnegie Frame Inc,160 W 55th St,4.08E+20,-7.40E+20
GALERIA DE ARTE,Cartoon Gallery,7028 Austin St,4.07E+21,-7.38E+20
GALERIA DE ARTE,Cartoonews Gallery,721 5th Ave,4.08E+20,-73974107770942
GALERIA DE ARTE,Casa Linda Galleries Inc,300 E 95th St,4.08E+20,-739473830025364
GALERIA DE ARTE,Casey M Kaplan Inc,416 W 14th St,4.07E+21,-7.40E+20
GALERIA DE ARTE,Catherine Conway Inc,112 W 13th St,4.07E+20,-739982052041324
GALERIA DE ARTE,Cavaliero Fine Arts,242 W 36th St,4.08E+20,-7.40E+20
GALERIA DE ARTE,Cavin-Morris,560 Broadway,4.07E+21,-739977986844257
GALERIA DE ARTE,Cds Gallery,74 E 79th St,4.08E+20,-7.40E+20
GALERIA DE ARTE,Celtic Art,2415 Jackson Ave,40746401426012,-7.39E+20
GALERIA DE ARTE,Century Artists Inc,530 W 25th St,4.07E+20,-7.40E+20
GALERIA DE ARTE,Ceres Gallery,547 W 27th St,407513240583896,-7.40E+20
GALERIA DE ARTE,Ceres Gallery,584 Broadway,4.07E+20,-7.40E+19
GALERIA DE ARTE,Cfm Gallery,112 Greene St,407245719123004,-7.40E+20
GALERIA DE ARTE,Chappell Gallery,526 W 26th St,4.08E+20,-7.40E+20
GALERIA DE ARTE,Chat Noir Design,295 Bennett Ave,4.09E+21,-7.39E+20
GALERIA DE ARTE,Cheim & Read,547 W 25th St,4.08E+18,-7.40E+20
GALERIA DE ARTE,Chelsea Ceramic Guild,233 W 19th St,4.07E+20,-7.40E+20
GALERIA DE ARTE,China 2000,5 E 57th St,4.08E+20,-7.40E+20
GALERIA DE ARTE,China 2000 Fine Arts,434A East 75th Street,4.08E+19,-7.40E+20
GALERIA DE ARTE,Chinatown Frame & Art Inc,40 Elizabeth St,4.07E+20,-7.40E+20
GALERIA DE ARTE,Chinoh Art Gallery,69 5th Ave,4.07E+20,-7.40E+20
GALERIA DE ARTE,Chowder Inc,15 W 18th St,4.07E+20,-739928117143286
GALERIA DE ARTE,Christiane Nienaber Contemporary Art,191 Chrystie St,4.07E+19,-7.40E+20
GALERIA DE ARTE,Christine Burgin Gallery,243 W 18th St,4.07E+20,-7.40E+20
GALERIA DE ARTE,Cinque Gallery,560 BROADWAY,4.07E+20,-7.40E+20
GALERIA DE ARTE,Claire Oliver Fine Arts Inc,513 West 26th Street,4.08E+21,-7.40E+20
GALERIA DE ARTE,Clampart,531 W 25th St,4.07E+20,-740046388004567
GALERIA DE ARTE,Clementine Gallery,623 W 27th St,4.08E+20,-7.40E+20
GALERIA DE ARTE,Clinton Hill Simply Art & Framing,583 Myrtle Ave,4.07E+20,-7.40E+20
GALERIA DE ARTE,Coda Gallery,472 Broome St,407228952359004,-7.40E+20
GALERIA DE ARTE,Cole Sylvan Gallery,101 W 57th St,4.08E+21,-7.40E+20
GALERIA DE ARTE,College of Staten Island - Center for the Arts,2800 Victory Blvd.,4.06E+20,-7.41E+20
GALERIA DE ARTE,Columbia University - Miriam and Ira D.Wallach Art Gallery,1190 Amsterdam Ave,4.08E+20,-7.40E+20
GALERIA DE ARTE,Columbus Art Gallery Inc,588 Columbus Ave,4.08E+20,-7.40E+20
GALERIA DE ARTE,Columbus Circle Gallery,1800 Broadway,4.08E+21,-7.40E+20
GALERIA DE ARTE,Commerce Graphics Ltd Inc,504 E 74th St,4.08E+20,-7.40E+20
GALERIA DE ARTE,Common Ground,55 W 16th St,407386880809658,-7.40E+20
GALERIA DE ARTE,Conner Rosenkranz,19 E 74th St,4.08E+20,-7.40E+20
GALERIA DE ARTE,Contemporary African Art,330 W 108th St,4.08E+20,-7.40E+20
GALERIA DE ARTE,Contemporary art gallery in Chelsea. Wooster Gardens,558 Broadway,4.07E+20,-7.40E+20
GALERIA DE ARTE,Cook Fine Art,1063 Madison Ave,4.08E+20,-7.40E+20
GALERIA DE ARTE,Coploff Gallery,526 W. 26th Street,4.08E+18,-7.40E+20
GALERIA DE ARTE,Cordier & Ekstrom Inc,417 E 75th St,4.08E+20,-7.40E+20
GALERIA DE ARTE,Corning Gallery at Steuben,667 Madison Ave.,4.08E+20,-7.40E+20
GALERIA DE ARTE,Cowles Charles Gallery Inc,537 W 24th St,4.07E+20,-7.40E+20
GALERIA DE ARTE,Creative Art USA Inc,30 Vandam St,4.07E+21,-740049746202106
GALERIA DE ARTE,Crg Art Gallery,535 W 22nd St,4.07E+21,-7.40E+20
GALERIA DE ARTE,Criswick Assoc,325 E 41st St,4.07E+20,-7.40E+20
GALERIA DE ARTE,Crown Art Gallery Inc,1609 Broadway,407606295440217,-7.40E+20
GALERIA DE ARTE,Crystal Art Gallery,230 5th Ave,4.07E+20,-739884446804236
GALERIA DE ARTE,Cuban Art Space,231 West 29th Street,4.07E+21,-7.40E+20
GALERIA DE ARTE,Cuchifritos,120 Essex St,4.07E+21,-7.40E+20
GALERIA DE ARTE,Culture Art Gallery Llc,415 W Broadway,4.07E+20,-740013730500698
GALERIA DE ARTE,Culture Crossing Inc,40 E 94th St,4.08E+21,-7.40E+20
GALERIA DE ARTE,Curatorial Art Advisory Service,5 E 16th St,4.07E+20,-73991839113497
GALERIA DE ARTE,Cypher Editions,22 Wooster St,4.07E+21,-740030602341102
GALERIA DE ARTE,Czech Center,321 E 73rd St,4.08E+20,-7.40E+20
GALERIA DE ARTE,Dactyl Foundation for the Arts,64 Grand St.,4.07E+20,-7.40E+20
GALERIA DE ARTE,Dai Ichi Arts,249 E 48th St,4.08E+20,-7.40E+20
GALERIA DE ARTE,Dalva Brothers Inc,52 East 77th Street,4.08E+20,-7.40E+20
GALERIA DE ARTE,D'amelio-Terras,525 W 22nd St,4.07E+20,-740055520248167
GALERIA DE ARTE,Damp Frog Productions Inc,1 Orchard St,4.07E+21,-7.40E+20
GALERIA DE ARTE,Danese,535 W 24th St,4.07E+20,-7.40E+20
GALERIA DE ARTE,Danette Koke Fine Art,55 Bethune St,4.07E+21,-7.40E+20
GALERIA DE ARTE,Daniel H Roberts Studio,9 Desbrosses Street,4.07E+21,-7.40E+20
GALERIA DE ARTE,David Killen Fine Arts,1641 3rd Ave,4.08E+20,-7.40E+20
GALERIA DE ARTE,David Nolan New York,527 W 29th St,4.08E+21,-7.40E+20
GALERIA DE ARTE,Davis Leron Galries,746 Madison Ave,4.08E+20,-7.40E+20
GALERIA DE ARTE,DC Moore Gallery,724 5th Ave,4.08E+20,-7.40E+20
GALERIA DE ARTE,Dca Gallery,525 W 22nd St,4.07E+20,-7.40E+20
GALERIA DE ARTE,De Nagy Tibor Art Gallery,724 5th Ave,4.08E+20,-7.40E+20
GALERIA DE ARTE,Dean Andree M,1035 Park Ave,4.08E+20,-739570627331135
GALERIA DE ARTE,Debs & Co,531 W 26th St,40750174752747,-7.40E+20
GALERIA DE ARTE,Greer Gallery Inc,81 Wooster St,407239389109311,-7.40E+20
GALERIA DE ARTE,Grimm Jay Gallery,505 W 28th St,407510595149452,-7.40E+20
GALERIA DE ARTE,Guggenheim Asher Assocs Inc,138 W 13th St,407372488643944,-739990622110042
GALERIA DE ARTE,Guggenheim Asher Assocs Inc,138 W 13th St,4.07E+20,-7.40E+20
GALERIA DE ARTE,Guy Regal Ltd,223 E 60th St,4.08E+20,-7.40E+19
GALERIA DE ARTE,Hall & Knight U S A Ltd,21 E 67th St,4.08E+21,-7.40E+20
GALERIA DE ARTE,Hammer Galleries,33 W 57th St,4.08E+19,-73975734568345
GALERIA DE ARTE,Hanover Sq Gallery,202 Park Place,4.07E+20,-7.40E+20
GALERIA DE ARTE,Harari & Johns Inc,63 E 82nd St,4.08E+21,-7.40E+20
GALERIA DE ARTE,Harlan & Weaver Intaglio,83 Canal St,4.07E+20,-7.40E+20
GALERIA DE ARTE,Harlem Art Gallery,86 W 119th St,408036180850416,-7.39E+20
GALERIA DE ARTE,Hazlitt Gooden & Fox,17 E 76th St,4.08E+20,-739640012351852
GALERIA DE ARTE,Healing Arts,135 Wythe Ave.,4.07E+20,-7.40E+18
GALERIA DE ARTE,Heilman Phillip Douglas,1336 Dekalb Ave,406984896734577,-7.39E+20
GALERIA DE ARTE,Heller Gallery,420 W. 14th St.,4.07E+20,-740067206428654
GALERIA DE ARTE,Helly Nahmad Gallery Inc,975 Madison Ave,4.08E+21,-7.40E+20
GALERIA DE ARTE,Hemingway African Gallery,1050 2nd Ave,407581241408079,-739655457665656
GALERIA DE ARTE,Henoch Gallery,555 W 25th St,4.08E+18,-740053147575198
GALERIA DE ARTE,Hirschl & Adler Galleries,21 E. 70th St.,4.08E+20,-7.40E+20
GALERIA DE ARTE,Historical Design Collection Inc,306 E 61st St,4.08E+21,-7.40E+20
GALERIA DE ARTE,Hochman Irena Fine Art Ltd,1100 Madison Ave,4.08E+20,-7.40E+20
GALERIA DE ARTE,HOFFELD JEFFREY & CO,360 E 88TH ST,4.08E+20,-7.39E+20
GALERIA DE ARTE,Holmberg I,280 Madison Ave,4.08E+20,-7.40E+20
GALERIA DE ARTE,Honda Fine Art,55 Great Jones St,4.07E+20,-7.40E+20
GALERIA DE ARTE,Hoorn-Ashby Gallery,766 Madison Ave,4.08E+21,-7.40E+20
GALERIA DE ARTE,Horan Vivian Fine Art,35 E 67th St,4.08E+21,-739670738408604
GALERIA DE ARTE,Horus Art Enterprises,200 E 65th St,4.08E+21,-7.40E+20
GALERIA DE ARTE,Howard Greenberg Gallery,41 E 57th St,4.08E+20,-7.40E+20
GALERIA DE ARTE,Howard Nowes Ancient Art,1220 Broadway,4.07E+20,-7.40E+20
GALERIA DE ARTE,Howard Scott Gallery,303 East 81st Street,4.08E+20,-7.40E+20
GALERIA DE ARTE,Hubert Gallery,1046 Madison Ave,4.08E+21,-7.40E+20
GALERIA DE ARTE,Hubert Gallery North,1046 Madison Ave,4.08E+21,-7.40E+20
GALERIA DE ARTE,Hut Gallery the,84 Hoyt St,4.07E+21,-7.40E+19
GALERIA DE ARTE,Hutton Leonard Galleries,41 E 57th St,4.08E+20,-7.40E+20
GALERIA DE ARTE,Hutton Leonard Galleries Facs,41 E 57th St,4.08E+20,-7.40E+19
GALERIA DE ARTE,Hw Gerst,955 5th Ave,4.08E+20,-7.40E+20
GALERIA DE ARTE,I & L Image Corp,529 W 20th St,4.07E+20,-7.40E+20
GALERIA DE ARTE,I C Editions,522 West 24 Street,4.07E+21,-7.40E+20
GALERIA DE ARTE,I Perry,481 Washington St,4.07E+20,-7.40E+20
GALERIA DE ARTE,Illustration House Inc,110 W 25th St,4.07E+20,-7.40E+20
GALERIA DE ARTE,Images Corporate Art Services,400 E 56th St,4.08E+20,-7.40E+20
GALERIA DE ARTE,Incredibleart.Com Inc,25 Mercer St,4.07E+20,-740020440530794
GALERIA DE ARTE,Indians On Columbus,452 Columbus Ave,4.08E+21,-7.40E+20
GALERIA DE ARTE,Infinity Fine Arts Inc,511 W 25th St,4.07E+21,-7.40E+20
GALERIA DE ARTE,Inner City Art Gallery Inc,2251 Adam Clayton Powell Jr Blvd,4.08E+20,-7.39E+20
GALERIA DE ARTE,Innovative Art Gallery Inc,154 W 14th St,4.07E+20,-7.40E+20
GALERIA DE ARTE,Inter Art Gallery,225 10th Ave,4.07E+20,-7.40E+20
GALERIA DE ARTE,International Print Center New York,526 W 26th St,4.08E+18,-7.40E+20
GALERIA DE ARTE,Irit Baniel Studio,582 DRIGGS AVENUE,407164045276523,-7.40E+20
GALERIA DE ARTE,Ise Art Foundation,555 Broadway,4.07E+21,-7.40E+20
GALERIA DE ARTE,Isselbacher Gallery Inc,64 E 86th St,4.08E+20,-7.40E+20
GALERIA DE ARTE,J Cacciola Galleries,617 W 27th St,4.08E+21,-7.40E+20
GALERIA DE ARTE,J M Art Gallery,1760 Broadway,4.08E+21,-7.40E+20
GALERIA DE ARTE,Jadite Galleries,413 W 50th St,4.08E+19,-739896747288487
GALERIA DE ARTE,Jain Marunouchi Gallery,24 W 57th St,4.08E+21,-7.40E+20
GALERIA DE ARTE,James Cohan Gallery,533 W 26th St,4.08E+20,-7.40E+20
GALERIA DE ARTE,James Graham & Sons Gallery,1014 Madison Ave,4.08E+20,-7.40E+20
GALERIA DE ARTE,Jane St Lifer Fine Art Inc,140 Riverside Blvd,4.08E+19,-7.40E+20
GALERIA DE ARTE,Janoray Charles Llc,11 E 76th St,407748444073569,-7.40E+20
GALERIA DE ARTE,Japanese Art Dealers Assoc of Ny,17 East 76th Street,4.08E+20,-7.40E+20
GALERIA DE ARTE,Jbpa Llc,65 W 13th St,4.07E+20,-739967778291044
GALERIA DE ARTE,Jeff Lewis Studio,9 Desbrosses Street,4.07E+20,-7.40E+19
GALERIA DE ARTE,Jeffrey Coploff Fine Art Ltd,508 W 26th St,4.07E+21,-7.40E+20
GALERIA DE ARTE,Jimmy's Art Gallery,166 W 72nd St,4.08E+20,-7.40E+20
GALERIA DE ARTE,Joan Peck Limited Art Gallery,1 W 67th St,4.08E+20,-7.40E+20
GALERIA DE ARTE,Joan Whalen Fine Art,24 W. 57th St.,4.08E+21,-7.40E+20
GALERIA DE ARTE,John Elder Gallery,529 W 20th St,4.07E+20,-7.40E+20
GALERIA DE ARTE,John McEnroe Gallery,41 Greene St.,4.07E+20,-7.40E+20
GALERIA DE ARTE,John Stevenson Gallery,338 W 23rd St,4.07E+21,-740000774177737
GALERIA DE ARTE,Jonathan Shorr Gallery,109 Crosby St,4.07E+20,-7.40E+20
GALERIA DE ARTE,Judaica Illuminations,1664 Coney Island Ave,4.06E+20,-7.40E+19
GALERIA DE ARTE,Julie Artisans Gallery,762 Madison Ave,4.08E+20,-7.40E+20
GALERIA DE ARTE,Julie Saul Gallery,535 W 22nd St,4.07E+21,-7.40E+20
GALERIA DE ARTE,JUNE BATEMAN FINE  GALLERY,1133 BROADWAY,4.07E+20,-7.40E+20
GALERIA DE ARTE,K S Art,73 Leonard St,4.07E+20,-7.40E+20
GALERIA DE ARTE,Kahan Fine Art Galleries Ltd,422 E 72nd St,4.08E+20,-7.40E+19
GALERIA DE ARTE,Kaller-Kimche R Inc,23 E 74th St,4.08E+20,-7.40E+20
GALERIA DE ARTE,Kang Byung,9 E 82nd St,4.08E+20,-7.40E+20
GALERIA DE ARTE,Kapoor Galleries Inc,40 E 78th St,4.08E+20,-7.40E+20
GALERIA DE ARTE,Kashya Hildebrand,531 W 25th St,4.07E+21,-7.40E+20
GALERIA DE ARTE,Katherine Blackburne Studios,9 Desbrosses Street,4.07E+20,-740092436136626
GALERIA DE ARTE,Kathryn Markel Fine Arts Inc,529 W 20th St,4.07E+20,-7.40E+20
GALERIA DE ARTE,Katz Steven,32 Union Sq,4.07E+20,-7.40E+20
GALERIA DE ARTE,Keats R Stuart,120 E 36th St,4.07E+21,-7.40E+20
GALERIA DE ARTE,Keith Copley Gallery,545 W 34th St,4.08E+20,-7.40E+20
GALERIA DE ARTE,Keith de Lellis Gallery,1045 MADISON AVENUE,4.08E+20,-7.40E+20
GALERIA DE ARTE,Kelly June Gallery,591 Broadway,4.07E+20,-7.40E+20
GALERIA DE ARTE,Kem Art Studio,80 5TH AVE RM 1506,4.07E+20,-7.40E+20
GALERIA DE ARTE,Kempner Jim Fine Art,501 W 23rd St,4.07E+19,-7.40E+20
GALERIA DE ARTE,Kenkeleba Gallery,214 E 2nd St,4.07E+19,-7.40E+20
GALERIA DE ARTE,Kent Gallery,541 West 25th Street,4.07E+21,-7.40E+20
GALERIA DE ARTE,Kentler International Drawing Space,353 Van Brunt Street,4.07E+20,-740129928623173
GALERIA DE ARTE,Keogh & Riehlman Fine Art,24 E 73rd St,4.08E+20,-7.40E+20
GALERIA DE ARTE,Keya Gallery,14 Wall Street,4.07E+20,-7.40E+20
GALERIA DE ARTE,Kim Foster Gallery,529 W 20th St,4.07E+21,-7.40E+20
GALERIA DE ARTE,Kind Phylis Gallery,236 West 26th Street,4.07E+20,-739958687612381
GALERIA DE ARTE,King David Art Gallery,128 West 23rd Street,4.07E+21,-7.40E+19
GALERIA DE ARTE,Kinz,529 West 20th Street,4.07E+21,-7.40E+19
GALERIA DE ARTE,Klagsbrun Nicole Gallery,526 W 26th St,4.08E+18,-7.40E+20
GALERIA DE ARTE,Klotz Sirmon Gallery,511 W 25th St,4.07E+20,-7.40E+19
GALERIA DE ARTE,Kokon Inc,58 E 66th St,4.08E+20,-7.40E+20
GALERIA DE ARTE,Kraus Carole Ltd,330 W 38th St,4.08E+20,-7.40E+20
GALERIA DE ARTE,Kraushaar Galleries,74 E 79th St,4.08E+20,-739611544113061
GALERIA DE ARTE,Kravets Wehby,521 W 21st St,4.07E+21,-7.40E+19
GALERIA DE ARTE,Kravets Wehby Gallery,521 W 21st St,4.07E+20,-7.40E+20
GALERIA DE ARTE,Krienke Kendra,230 Central Park W,4.08E+20,-7.40E+20
GALERIA DE ARTE,L A Cotton,645 Madison Ave,4.08E+21,-7.40E+20
GALERIA DE ARTE,La Belle Epoque Vintage Posters Inc,280 Columbus Ave,4.08E+21,-7.40E+20
GALERIA DE ARTE,Lally J J & Co,41 E 57th St,4.08E+21,-739719328106951
GALERIA DE ARTE,Lamontage,210 11th Ave,4.08E+18,-7.40E+20
GALERIA DE ARTE,Landy Fine Art,264 E Broadway,4.07E+20,-7.40E+20
GALERIA DE ARTE,Langotsky Gamba,537 Greenwich St,4.07E+20,-7.40E+20
GALERIA DE ARTE,Lehman College - Art Gallery,250 Bedford Park Blvd West,4.09E+20,-7.39E+20
GALERIA DE ARTE,Lehmann Maupin,540 W 26th St,4.08E+20,-7.40E+20
GALERIA DE ARTE,Lelong Galerie,526 W 26th St,4.08E+19,-7.40E+20
GALERIA DE ARTE,Lemmons Durham Contemporary Art,210 11th Ave,4.07E+20,-7.40E+20
GALERIA DE ARTE,Lennon Weinberg Inc,514 W 25th St,4.07E+20,-7.40E+20
GALERIA DE ARTE,Leo Castelli Gallery,18 E 77th St,4.08E+19,-7.40E+20
GALERIA DE ARTE,Leo Kaplan Modern Ltd,114 E 57th St,4.08E+21,-7.40E+20
GALERIA DE ARTE,Leo Koenig Inc,545 West 23rd Street,4.07E+20,-7.40E+20
GALERIA DE ARTE,Leon Tovar Gallery,16 E 71st St,4.08E+20,-7.40E+20
GALERIA DE ARTE,Leslie-Lohman Gay Art Foundation,131 Prince St,4.07E+21,-7.40E+20
GALERIA DE ARTE,Levin Betty,41 E 57th St,4.08E+21,-7.40E+19
GALERIA DE ARTE,Levine Elizabeth & Assocs,565 W End Ave,4.08E+20,-7.40E+20
GALERIA DE ARTE,Lewitt Fine Art Gallery,16 E 79th St,4.08E+20,-7.40E+20
GALERIA DE ARTE,Lexington Art & Frame Co,832 Lexington Ave,4.08E+21,-7.40E+20
GALERIA DE ARTE,Limner Gallery,870 Avenue of the Americas,4.07E+20,-7.40E+20
GALERIA DE ARTE,Decor Art Gallery,551 3rd Ave,4.07E+21,-7.40E+20
GALERIA DE ARTE,Decor Art Gallery Inc,353 3rd Ave,407404255519148,-7.40E+20
GALERIA DE ARTE,Decor Art Gallery Inc,158 7th Ave,4.07E+20,-7.40E+20
GALERIA DE ARTE,Decor Art Gallery VII+,222 3rd Ave,4.07E+21,-7.40E+20
GALERIA DE ARTE,Deitch Projects,76 Grand St,4.07E+20,-7.40E+20
GALERIA DE ARTE,Demirjian Torkom,970 Madison Ave,4.08E+21,-7.40E+20
GALERIA DE ARTE,Demu Gallery,761 Fulton St,4.07E+20,-7.40E+20
GALERIA DE ARTE,Denise Bibro Fine Art,529 W 20th Street,4.07E+20,-7.40E+19
GALERIA DE ARTE,Dennis De Lorenzo Gallery,21 E 62nd St,4.08E+20,-7.40E+20
GALERIA DE ARTE,Derek Eller Gallery,15 W 27th St,4.07E+21,-7.40E+20
GALERIA DE ARTE,Dickinson Roundell Inc,19 E 66th St,4.08E+21,-7.40E+20
GALERIA DE ARTE,Dollhaus,37 Broadway,4.07E+21,-7.40E+20
GALERIA DE ARTE,Donson Theodore B Ltd,24 W 57th St,4.08E+20,-739757360256425
GALERIA DE ARTE,Dorfman Projects,529 W 20th St,4.07E+20,-7.40E+20
GALERIA DE ARTE,Dorsky Carol,20 E 74th St,4.08E+20,-7.40E+20
GALERIA DE ARTE,Doug Meyer Fine Art,1775 E 34th St,4.06E+21,-739369317584929
GALERIA DE ARTE,Downtown Arts Festival,114 Fulton St,4.07E+21,-7.40E+20
GALERIA DE ARTE,Downtown Music Gallery,13 Monroe Street,4.07E+20,-739959259244248
GALERIA DE ARTE,Dranoff Fine Art,591 Broadway,407249965758697,-7.40E+20
GALERIA DE ARTE,Dresden Art Galries,401 7 Avenue,4.07E+20,-7.40E+19
GALERIA DE ARTE,DUMBO Arts Center,30 Washington St,4.07E+21,-7.40E+20
GALERIA DE ARTE,Duncan Ligoa,22 E 72nd St,4.08E+21,-7.40E+20
GALERIA DE ARTE,E Art Group,224 W 30th St,407488345265814,-7.40E+20
GALERIA DE ARTE,Eastern Arts Inc,68 Jane St,4.07E+20,-7.40E+20
GALERIA DE ARTE,Edward Thorp Gallery,210 11th Ave,4.07E+21,-7.40E+20
GALERIA DE ARTE,Edwynn Houk Gallery,745 5th Ave,4.08E+21,-7.40E+20
GALERIA DE ARTE,Eileen Walters Gallery,411 West End Ave,4.08E+19,-7.40E+20
GALERIA DE ARTE,Elga Wimmer,526 W 26th St,4.08E+21,-7.40E+20
GALERIA DE ARTE,Elizabeth Dee Gallery,545 West 20th Street,4.07E+20,-7.40E+20
GALERIA DE ARTE,Elizabeth Harris Gallery,529 W 20th St,4.07E+21,-7.40E+20
GALERIA DE ARTE,Elizabeth Mayer Fine Art,55 E 73rd St,4.08E+20,-7.40E+20
GALERIA DE ARTE,Elizabeth Moore Fine Art,963 Lexington Ave,4.08E+21,-7.40E+20
GALERIA DE ARTE,Elizabeth Wang Gallery,800 5th Ave,4.08E+20,-7.40E+20
GALERIA DE ARTE,Elkon Gallery Inc,18 E 81st St,4.08E+20,-7.40E+20
GALERIA DE ARTE,Elliot Stevens Ltd,301 Park Ave,4.08E+21,-7.40E+20
GALERIA DE ARTE,Emily Harvey Gallery,537 Broadway,407235058370544,-7.40E+19
GALERIA DE ARTE,Environment Home Furnshngs Inc,205 E 60th St,4.08E+20,-7.40E+20
GALERIA DE ARTE,Equatorial America Inc,411 E 53rd St,40755759496755,-7.40E+20
GALERIA DE ARTE,Equitable Appraisal Co Inc,19 E 75th St,4.08E+19,-7.40E+20
GALERIA DE ARTE,Equity Art Brokers,340 E 52nd St,407552841788991,-739661194048795
GALERIA DE ARTE,Equity Art Brokers,40 W 25th St,407436771577712,-7.40E+20
GALERIA DE ARTE,Erotics Gallery,41 Union Sq W,4.07E+20,-7.40E+20
GALERIA DE ARTE,Esso Gallery,531 W 26th St,4.08E+21,-7.40E+20
GALERIA DE ARTE,Exhibit A,160 Mercer St,4.07E+20,-7.40E+20
GALERIA DE ARTE,Exit Art,475 10th Ave,4.08E+20,-7.40E+20
GALERIA DE ARTE,Exotiqa II,280 City Island Ave,4.08E+20,-7.38E+19
GALERIA DE ARTE,Eye Jammie Fine Arts Gallery,516 W 25th St,4.07E+21,-7.40E+20
GALERIA DE ARTE,Eyebeam Atelier,540 W 21st St,4.07E+19,-7.40E+20
GALERIA DE ARTE,Ezair Gallery,905 Madison Ave,4.08E+20,-7.40E+20
GALERIA DE ARTE,Faith Art Gallery Corp,393 Bridge St,4.07E+20,-7.40E+19
GALERIA DE ARTE,Feature Inc,530 W 25th St,4.07E+20,-7.40E+20
GALERIA DE ARTE,Fields Walter,208 E 7th St Ofc,4.07E+20,-7.40E+18
GALERIA DE ARTE,Fifty-Five Mercer Gallery,55 Mercer St,4.07E+19,-7.40E+20
GALERIA DE ARTE,Findlay David Galleries,1202 Lexington Ave,4.08E+20,-7.40E+20
GALERIA DE ARTE,Findlay David Jr Fine Art,41 E 57th St,4.08E+20,-7.40E+20
GALERIA DE ARTE,Findlay Peter Gallery,41 E 57th St,4.08E+21,-7.40E+20
GALERIA DE ARTE,Fine Art Acquisitions,122 Spring St,407235933155635,-7.40E+20
GALERIA DE ARTE,Fine Art Alacarte,89 South Street,4.07E+20,-7.40E+20
GALERIA DE ARTE,Fine Art Services & Transport,48-75 37th St,4.07E+21,-7.39E+20
GALERIA DE ARTE,First Street Gallery,526 W 26th St,4.08E+18,-7.40E+20
GALERIA DE ARTE,Fischbach Gallery,210 Eleventh Ave.,4.07E+20,-7.40E+19
GALERIA DE ARTE,Flushing Art Gallery,3711 Main St,4.08E+20,-7.38E+20
GALERIA DE ARTE,Focal Point Gallery,321 City Island Ave,4.08E+20,-7.38E+20
GALERIA DE ARTE,Folin Riva Inc,535 W 20th St,4.07E+20,-7.40E+20
GALERIA DE ARTE,Folklorica,12 E 53rd St,407598343459659,-7.40E+19
GALERIA DE ARTE,Forbes Magazine Galleries,60 Fifth Avenue,4.07E+20,-7.40E+20
GALERIA DE ARTE,Forrest Scott Group,270 Lafayette St,4.07E+19,-7.40E+20
GALERIA DE ARTE,Fortress Fae Worldwide,4920 5th St,4.07E+20,-7.40E+20
GALERIA DE ARTE,Fortress Ny,4920 5th St,407433898305589,-7.40E+20
GALERIA DE ARTE,Fortuna Fine Arts Ltd,984 Madison Ave,4.08E+20,-7.40E+20
GALERIA DE ARTE,Forum Gallery,745 5th Ave,4.08E+21,-7.40E+20
GALERIA DE ARTE,Fowa Enterprises Corp,17 E Broadway,4.07E+20,-739970125926335
GALERIA DE ARTE,Franklin Bowles Galleries,431 W Broadway,4.07E+20,-7.40E+20
GALERIA DE ARTE,Franklin Parrasch Gallery,20 W 57th St,4.08E+20,-739754342245949
GALERIA DE ARTE,Frederick Schultz Ancient Art,325 W 82nd St,4.08E+20,-7.40E+20
GALERIA DE ARTE,Fredericks Freiser Gallery,504 W. 22nd St.,4.07E+20,-740051961895703
GALERIA DE ARTE,Frederieke Taylor Gallery,535 W 22nd St,4.07E+20,-7.40E+20
GALERIA DE ARTE,Frei-Nathan Susan Fine Works On Paper Llc,245 E 80th St,4.08E+21,-7.40E+20
GALERIA DE ARTE,Friedman Vallois Llc,27 E 67th St,4.08E+20,-7.40E+20
GALERIA DE ARTE,Friedrich Petzel Gallery,535 W. 22nd St.,4.07E+20,-740060955850063
GALERIA DE ARTE,Frielich Bros-Deutsch Bros,670 Broadway,4.07E+20,-7.40E+20
GALERIA DE ARTE,Friends of Bezalel Academy,501 5th Ave,4.08E+20,-7.40E+20
GALERIA DE ARTE,Fulton Plaza,106 Fulton St,4.07E+21,-7.40E+19
GALERIA DE ARTE,Fulton St Art Gallery,116 John St,4.07E+20,-740058906552173
GALERIA DE ARTE,G P L Promotions Ltd,220 Madison Ave,4.07E+20,-739820716102324
GALERIA DE ARTE,Gagosian Gallery Chelsea,555 W 24th St,4.07E+20,-7.40E+20
GALERIA DE ARTE,Gagosian Gallery Uptown,980 Madison Ave,4.08E+20,-7.40E+20
GALERIA DE ARTE,Galerie Des Arts Ltd,18 E 76th St,4.08E+21,-7.40E+20
GALERIA DE ARTE,Galerie Thomas,41 Perry St,4.07E+20,-7.40E+20
GALERIA DE ARTE,Galleria On Third,529 3rd Ave,407464019802216,-739771880235982
GALERIA DE ARTE,Galleria Ramis Barquet Ny Ltd,41 E 57th St,4.08E+20,-739717918765114
GALERIA DE ARTE,Gallery 151,350 Bowery,4.07E+20,-7.40E+19
GALERIA DE ARTE,Gallery 292,120 Wooster St,4.07E+20,-7.40E+20
GALERIA DE ARTE,Gallery 49,310 W 49th St,4.08E+20,-7.40E+20
GALERIA DE ARTE,Gallery 71 Inc,974 Lexington Ave,4.08E+20,-7.40E+19
GALERIA DE ARTE,Gallery 91,91 Grand St,4.07E+20,-7.40E+20
GALERIA DE ARTE,Gallery at the American Bible Society,1865 Broadway,4.08E+21,-7.40E+20
GALERIA DE ARTE,Gallery at the New York School of Interior Design,170 E. 70th St.,4.08E+20,-7.40E+20
GALERIA DE ARTE,Gallery Bai Inc,520 W 43rd St,4.08E+20,-7.40E+20
GALERIA DE ARTE,Gallery Henoch,555 W 25th St,4.08E+20,-740052608577384
GALERIA DE ARTE,Gallery of Ireland,3931 50th Street,4.07E+19,-7.39E+20
GALERIA DE ARTE,Gardner & Barr Inc,305 E 61th St,4.08E+20,-7.40E+20
GALERIA DE ARTE,Garth Clark Gallery,24 W 57th St,4.08E+21,-7.40E+20
GALERIA DE ARTE,Garth Clark Gallery's Project Space,4546 21st St,4.07E+20,-7.39E+20
GALERIA DE ARTE,Gasser & Grunert,524 W 19th St,4.07E+20,-7.40E+20
GALERIA DE ARTE,Gavin Brown's Enterprise Corp,620 Greenwich St,4.07E+21,-740085930244375
GALERIA DE ARTE,Generous Miracles Space Ltd,529 W 20th St,4.07E+21,-7.40E+19
GALERIA DE ARTE,George Adams Gallery,525 West 26th Street,4.08E+21,-740040267783162
GALERIA DE ARTE,George Billis Gallery,555 W 25th St,4.08E+20,-7.40E+20
GALERIA DE ARTE,Geos Art Gallery and Tuxedos,20019 119th Ave,4.07E+19,-7.38E+20
GALERIA DE ARTE,Gerold Wunderlich & Co,50 W 57th St,4.08E+20,-7.40E+20
GALERIA DE ARTE,Gian Enzo Sperone,603 Greenwich St,4.07E+20,-7.40E+19
GALERIA DE ARTE,Giraud Pissarro Segalot,132 E 70th St,4.08E+20,-7.40E+20
GALERIA DE ARTE,Gleason Tim Gallery,194 Elizabeth St,4.07E+20,-7.40E+20
GALERIA DE ARTE,Global Passages Inc,205 E 60th St,4.08E+20,-739655111637798
GALERIA DE ARTE,Godel & Co Inc,39 E 72nd St,4.08E+20,-7.40E+20
GALERIA DE ARTE,Goedhuis Contemporary Ltd,42 E 76th St,4.08E+19,-7.40E+19
GALERIA DE ARTE,Goethe-Institut Wyoming Building,5 East 3rd Street,4.07E+21,-73991118752324
GALERIA DE ARTE,Golden Caren Fine Arts,526 W 26th St,4.08E+21,-7.40E+20
GALERIA DE ARTE,Goodman James Gallery,41 E 57th St,4.08E+20,-739718797176169
GALERIA DE ARTE,Grant Gallery,7 Mercer St,4.07E+20,-7.40E+20
GALERIA DE ARTE,Great Modern Pictures,EMPIRE STATE BUILDING,4.07E+20,-7.40E+20
GALERIA DE ARTE,Greeley Square Gallery,32 W 31st St,4.07E+19,-7.40E+20
GALERIA DE ARTE,Green Essie Galleries Inc,419 Convent Ave,408263814767388,-7.39E+20
GALERIA DE ARTE,Greene Naftali Inc,526 W 26th St,407500359783972,-740043835006039
GALERIA DE ARTE,Greene Space Gallery,105 Greene St,4.07E+20,-7.40E+16
GALERIA DE ARTE,Littlejohn Contemporary Art,41 E 57th St,4.08E+21,-739720341556309
GALERIA DE ARTE,Lizan Tops Associates,8 E 92nd St,4.08E+20,-7.40E+20
GALERIA DE ARTE,Lladro Museum & Collector's Society,43 W 57th St,4.08E+21,-7.40E+20
GALERIA DE ARTE,Lladro USA,43 W 57th St,4.08E+20,-7.40E+20
GALERIA DE ARTE,Location One,26 Greene St.,4.07E+19,-7.40E+20
GALERIA DE ARTE,Lombard-Fried Fine Arts Inc,531 W 26th St,4.08E+20,-7.40E+20
GALERIA DE ARTE,Long Fine Art,427 W 14th St,4.07E+20,-7.40E+20
GALERIA DE ARTE,Lower Manhattan Cultural Council,125 Maiden Lane,4.07E+20,-7.40E+20
GALERIA DE ARTE,Lublin Mary Fine Arts,954 Lexington Avenue,4.08E+20,-7.40E+20
GALERIA DE ARTE,Lucas Schoormans Gallery,508 W. 26th St.,4.07E+20,-7.40E+20
GALERIA DE ARTE,Ludlow 38,38 Ludlow Street,4.07E+20,-7.40E+20
GALERIA DE ARTE,Luhring Augustine Gallery Inc,531 W 24th St,4.07E+21,-740051017956319
GALERIA DE ARTE,Lumbard Jean,17 E 96th St,4.08E+20,-7.40E+20
GALERIA DE ARTE,Lun Yee Assn,167 Canal St,4.07E+20,-739969683352414
GALERIA DE ARTE,Lunarbase Inc,197 Grand St,4.07E+20,-7.40E+20
GALERIA DE ARTE,Lurie Tamar & Ranan,721 5th Ave,4.08E+21,-7.40E+19
GALERIA DE ARTE,M & R Sayer Fine Art Llc,129 E 71st St,4.08E+20,-739630531621982
GALERIA DE ARTE,M K J Art Gallery,214 E 23rd St,4.07E+20,-7.40E+20
GALERIA DE ARTE,MacCarone Inc,630 Greenwich Street,4.07E+20,-7.40E+20
GALERIA DE ARTE,Malcolm Christian T Fine Arts Managemnt Svc,227 W 29th St,4.07E+20,-7.40E+19
GALERIA DE ARTE,Manhattan Art,13 W 36th St,4.08E+21,-7.40E+20
GALERIA DE ARTE,Mansion Gracie Gallery,101 Second Avenue,4.07E+20,-739888692388919
GALERIA DE ARTE,Marbella Gallery,28 E 72nd St,4.08E+20,-7.40E+20
GALERIA DE ARTE,Marc Jancou Contemporary,680 Broadway,4.07E+20,-7.40E+20
GALERIA DE ARTE,Marc Jancou Fine Art Ltd,801 Madison Ave,407687705626813,-7.40E+20
GALERIA DE ARTE,Marcus Curt Gallery Inc,2 5th Ave,4.07E+20,-7.40E+19
GALERIA DE ARTE,Margaret Thatcher Projects,539 West 23rd Street,4.07E+21,-7.40E+20
GALERIA DE ARTE,Margo Feiden Galleries Ltd,15 E 9th St,4.07E+20,-739948212913365
GALERIA DE ARTE,Marian Goodman Gallery,24 W 57th St,4.08E+20,-739756850214431
GALERIA DE ARTE,Marianne Boesky Gallery,509 West 24th Street,4.07E+20,-740042404164484
GALERIA DE ARTE,Marie Walsh Sharpe Art Foundation Art,443 Greenwich St,407232195707651,-7.40E+20
GALERIA DE ARTE,Markey Lawrence Inc,42 E 76th St,4.08E+20,-7.40E+19
GALERIA DE ARTE,Marlborough Gallery,40 W 57th St,4.08E+20,-7.40E+20
GALERIA DE ARTE,Martin Lawrence Galleries,457 W Broadway,4.07E+20,-7.40E+20
GALERIA DE ARTE,Martinez Gallery,515 W 27th St,407507808655543,-7.40E+20
GALERIA DE ARTE,Mary Boone Gallery,745 5th Ave,4.08E+21,-739732063898559
GALERIA DE ARTE,Mary Ryan Gallery,24 W. 57th St.,4.08E+20,-7.40E+20
GALERIA DE ARTE,Master Drawing Assoc,669 Monroe St,4.07E+20,-7.39E+20
GALERIA DE ARTE,Master Framemakers,219 East 60th Street,4.08E+20,-7.40E+20
GALERIA DE ARTE,Mathes Barbara Gallery,22 E 80th St,4.08E+20,-739621648427065
GALERIA DE ARTE,Matthew Marks Gallery - 22nd St.,522 W 22nd St.,4.07E+20,-7.40E+20
GALERIA DE ARTE,Matthew Marks Gallery - 24th St.,523 W. 24th St.,4.07E+19,-7.40E+20
GALERIA DE ARTE,Max Protetech Gallery,511 W 22nd St,4.07E+20,-7.40E+20
GALERIA DE ARTE,Maxwell Davidson Gallery,724 5th Ave,4.08E+20,-7.40E+20
GALERIA DE ARTE,Mc Dougal A,98 Riverside Dr,4.08E+20,-7.40E+20
GALERIA DE ARTE,McCarron Paul Fine Prints & Drawings,1014 Madison Ave,4.08E+20,-7.40E+20
GALERIA DE ARTE,McGinnis Cheryl Gallery,555 Eighth Avenue,4.08E+20,-7.40E+20
GALERIA DE ARTE,McKee Gallery,745 Fifth Ave.,4.08E+20,-7.40E+20
GALERIA DE ARTE,McKenzie Fine Art Inc,511 W 25th St,407494363855362,-740037714072592
GALERIA DE ARTE,Medialia Corp,335 W 38th St,4.08E+21,-7.40E+20
GALERIA DE ARTE,Mehu Gallery,21 W 100th St,4.08E+20,-7.40E+20
GALERIA DE ARTE,Meisel Louis K Gallery,141 Prince St,4.07E+20,-740004792798924
GALERIA DE ARTE,Meisel Susan P Decorative Arts,141 Prince St,4.07E+21,-7.40E+20
GALERIA DE ARTE,Merrin Gallery,724 5th Ave,4.08E+20,-7.40E+20
GALERIA DE ARTE,Merton Simpson Gallery Inc,38 W 28th St,4.07E+20,-7.40E+20
GALERIA DE ARTE,Messineo Atr Projects,227 West 29th Street,4.07E+21,-7.40E+20
GALERIA DE ARTE,Metro Art,7823 Metropolitan Ave,4.07E+20,-7.39E+20
GALERIA DE ARTE,Metro Art and Frame,585 W 235th St,4.09E+20,-7.39E+20
GALERIA DE ARTE,Metro Pictures,519 W 24th St,4.07E+19,-7.40E+20
GALERIA DE ARTE,Miakey Art Gallery,5402 7th Ave,4.06E+20,-7.40E+20
GALERIA DE ARTE,Michael Werner Gallery,4 E. 77th St.,4.08E+20,-739642620856143
GALERIA DE ARTE,Michail- Lombardo Gallery,829 Madison Ave,4.08E+20,-7396654242387
GALERIA DE ARTE,Michel Soskine Inc,900 Park Ave,4.08E+20,-7.40E+20
GALERIA DE ARTE,Michelle Rosenfeld Gallery,16 E 79th St,4.08E+21,-7.40E+20
GALERIA DE ARTE,Miele Frank J Gallery,1086 Madison Ave,4.08E+20,-7.40E+20
GALERIA DE ARTE,Miller Geisler Gallery Llc,511 W 25th St,4.07E+20,-7.40E+19
GALERIA DE ARTE,Miller Laurence Gallery Inc,20 W 57th St,4.08E+20,-7.40E+20
GALERIA DE ARTE,Mimi Ferzt Inc,81 Greene St,4.07E+20,-7.40E+20
GALERIA DE ARTE,Minetta Brook Inc,105 Hudson St,4.07E+20,-7.40E+19
GALERIA DE ARTE,Mip Art Realty Inc,83 Mercer St,4.07E+19,-7.40E+20
GALERIA DE ARTE,Mitchell Algus Gallery,511 W 25th St,407495397514391,-740037861385374
GALERIA DE ARTE,Mitchell-Innes & Nash,1018 Madison Ave,4.08E+19,-739625796104965
GALERIA DE ARTE,Mixed Greens Gallery,531 W 26th St,4.08E+20,-7.40E+20
GALERIA DE ARTE,Mobile Concept Inc,3655 Main St,4.08E+20,-7.38E+19
GALERIA DE ARTE,Modern Art & Framing,877 7th Ave,4.08E+20,-7.40E+20
GALERIA DE ARTE,Moeller Achim Fine Art Ltd,36 E 64th St,4.08E+20,-7.40E+20
GALERIA DE ARTE,Momenta Art Gallery,359 Bedford Ave,4.07E+20,-7.40E+19
GALERIA DE ARTE,Monalisa Art Gallery,1758 1st Ave,4.08E+21,-739466513812263
GALERIA DE ARTE,Montserrat Gallery Inc,584 Broadway,4.07E+20,-7.40E+20
GALERIA DE ARTE,Mooney Robert J Arts Management,174 Pacific St,4.07E+20,-7.40E+20
GALERIA DE ARTE,Morales David,325 W 38th St,4.08E+21,-7.40E+20
GALERIA DE ARTE,Morgan Art Consulting,303 Park Avenue South,4.07E+20,-7.40E+20
GALERIA DE ARTE,Morning Star Gallery Ltd,9809 64th Rd,4.07E+21,-7.39E+20
GALERIA DE ARTE,Naegele Amyas Bases & African Art,347 W 36th St,4.08E+20,-7.40E+20
GALERIA DE ARTE,Naiman Lee Fine Art,300 Central Park W,4.08E+20,-7.40E+20
GALERIA DE ARTE,Nancy Hoffman Gallery Inc,429 W Broadway,4.07E+20,-7.40E+19
GALERIA DE ARTE,Nancy Margolis Gallery Inc,523 W 25th Street,4.07E+20,-7.40E+20
GALERIA DE ARTE,Natalie Karg Ltd,325 W 38th St,4.08E+20,-7.40E+20
GALERIA DE ARTE,Nathaniel Moore Llc,121 Hudson St,4.07E+20,-740088638253243
GALERIA DE ARTE,Navarra Enrico,41 E 57th St,4.08E+21,-7.40E+19
GALERIA DE ARTE,Neal Meltzer Fine Arts,600 Madison Ave,4.08E+20,-7.40E+20
GALERIA DE ARTE,Neikrug Marjorie Appraisals,136 E 64th St,4.08E+20,-7.40E+20
GALERIA DE ARTE,Neuhoff Gallery Inc,41 E 57th St,407624328993632,-7.40E+20
GALERIA DE ARTE,New Dorp Village Antiques Ltd,517 Broadway,4.06E+20,-7.41E+20
GALERIA DE ARTE,New York Art Expo Inc,3 Hanover Sq,4.07E+19,-7.40E+20
GALERIA DE ARTE,New York Art Gallery,1626 1st Ave,40775828416993,-7.39E+20
GALERIA DE ARTE,New York Gallery Tours,82 Charles St,4.07E+21,-7.40E+20
GALERIA DE ARTE,Nexus Gallery Inc,345 E 12th St,4.07E+21,-739839451177135
GALERIA DE ARTE,Nohra Haime Gallery,41 East 57th Street,4.08E+20,-7.40E+20
GALERIA DE ARTE,Nolan Eckman Gallery,560 Broadway,4.07E+19,-7.40E+20
GALERIA DE ARTE,Northstar Research Associates Inc,215 W 88th St,4.08E+20,-7.40E+20
GALERIA DE ARTE,Nyabinghi Africian Gift Shop,111 Chambers St,4.07E+21,-7.40E+20
GALERIA DE ARTE,O J Art Gallery,446 Ave of the Americas,4.07E+20,-7.40E+20
GALERIA DE ARTE,O.K. Harris Gallery,383 W. Broadway,4.07E+21,-7.40E+20
GALERIA DE ARTE,Object-Image,91 5th Ave,4.07E+20,-7.40E+20
GALERIA DE ARTE,Oditi Inc,1500 Lexington Ave,4.08E+21,-7.40E+20
GALERIA DE ARTE,Odyssia Gallery,305 E 61st St,407618747512849,-7.40E+20
GALERIA DE ARTE,Old Print Shop Inc,150 Lexington Ave,4.07E+20,-7.40E+20
GALERIA DE ARTE,Omniguard Art Guarantee,115 Broadway,4.07E+21,-740114722358904
GALERIA DE ARTE,One Twenty Eight,128 Rivington St,4.07E+21,-739869130305955
GALERIA DE ARTE,Opera Gallery,115 Spring St,4.07E+20,-7.40E+20